Time,Channel A,Channel B
(ms),(V),(V)

-20.04711330,0.53666800,0.02868740
-20.02663330,0.53666800,0.07309183
-20.00615330,0.53666800,0.02868740
-19.98567330,0.53666800,0.02868740
-19.96519330,0.53666800,0.02868740
-19.94471330,0.53666800,0.02868740
-19.92423330,0.53666800,0.02868740
-19.90375330,0.53666800,0.02868740
-19.88327330,0.53666800,0.02868740
-19.86279330,0.53666800,0.02868740
-19.84231330,0.53666800,0.02868740
-19.82183330,0.53666800,0.02868740
-19.80135330,0.53666800,0.02868740
-19.78087330,0.53666800,0.07309183
-19.76039330,0.53666800,0.02868740
-19.73991330,0.53666800,0.07309183
-19.71943330,0.53666800,0.02868740
-19.69895330,0.53666800,0.02868740
-19.67847330,0.53666800,0.02868740
-19.65799330,0.53666800,0.02868740
-19.63751330,0.53666800,0.02868740
-19.61703330,0.53666800,0.02868740
-19.59655330,0.53666800,0.02868740
-19.57607330,0.53666800,0.02868740
-19.55559330,0.53666800,0.02868740
-19.53511330,0.53666800,0.02868740
-19.51463330,0.53666800,0.07309183
-19.49415330,0.53666800,0.02868740
-19.47367330,0.53666800,0.02868740
-19.45319330,0.53666800,0.02868740
-19.43271330,0.53666800,0.02868740
-19.41223330,0.53666800,0.02868740
-19.39175330,0.53666800,0.02868740
-19.37127330,0.53666800,0.02868740
-19.35079330,0.53666800,0.02868740
-19.33031330,0.53666800,0.02868740
-19.30983330,0.53666800,0.02868740
-19.28935330,0.53666800,0.02868740
-19.26887330,0.53666800,0.07309183
-19.24839330,0.53666800,0.02868740
-19.22791330,0.53666800,0.02868740
-19.20743330,0.53666800,0.07309183
-19.18695330,0.53666800,0.02868740
-19.16647330,0.53666800,0.07309183
-19.14599330,0.53666800,0.07309183
-19.12551330,0.53666800,0.07309183
-19.10503331,0.53666800,0.02868740
-19.08455331,0.53666800,0.02868740
-19.06407331,0.53666800,0.02868740
-19.04359331,0.53666800,0.02868740
-19.02311331,0.53666800,0.02868740
-19.00263331,0.53666800,0.07309183
-18.98215331,0.53666800,0.02868740
-18.96167331,0.53666800,0.02868740
-18.94119331,0.53666800,0.02868740
-18.92071331,0.53666800,0.02868740
-18.90023331,0.53666800,0.02868740
-18.87975331,0.53666800,0.07309183
-18.85927331,0.53666800,0.02868740
-18.83879331,0.53666800,0.02868740
-18.81831331,0.53666800,0.02868740
-18.79783331,0.53666800,0.02868740
-18.77735331,0.53666800,0.02868740
-18.75687331,0.53666800,0.02868740
-18.73639331,0.53666800,0.02868740
-18.71591331,0.53666800,0.02868740
-18.69543331,0.53666800,0.02868740
-18.67495331,0.53666800,0.02868740
-18.65447331,0.53666800,0.07309183
-18.63399331,0.53666800,0.02868740
-18.61351331,0.53666800,0.02868740
-18.59303331,0.53666800,0.02868740
-18.57255331,0.53666800,0.07309183
-18.55207331,0.53666800,0.02868740
-18.53159331,0.53666800,0.02868740
-18.51111331,0.53666800,0.02868740
-18.49063331,0.53666800,0.07309183
-18.47015331,0.53666800,0.02868740
-18.44967331,0.53666800,0.02868740
-18.42919331,0.53666800,0.02868740
-18.40871331,0.53666800,0.02868740
-18.38823331,0.53666800,0.02868740
-18.36775331,0.53666800,0.02868740
-18.34727331,0.53666800,0.07309183
-18.32679331,0.53666800,0.02868740
-18.30631331,0.53666800,0.02868740
-18.28583331,0.53666800,0.02868740
-18.26535331,0.53666800,0.07309183
-18.24487331,0.53666800,0.02868740
-18.22439331,0.53666800,0.07309183
-18.20391331,0.53666800,0.02868740
-18.18343331,0.53666800,0.02868740
-18.16295331,0.53666800,0.02868740
-18.14247331,1.56117400,0.02868740
-18.12199331,1.56117400,0.02868740
-18.10151331,1.56117400,0.07309183
-18.08103331,1.56117400,0.02868740
-18.06055331,1.56117400,0.02868740
-18.04007331,1.56117400,0.07309183
-18.01959331,1.56117400,0.02868740
-17.99911331,1.56117400,0.02868740
-17.97863331,1.56117400,0.02868740
-17.95815331,1.56117400,0.07309183
-17.93767331,1.56117400,0.02868740
-17.91719331,1.56117400,0.02868740
-17.89671331,1.56117400,0.02868740
-17.87623331,1.56117400,0.07309183
-17.85575331,1.56117400,0.02868740
-17.83527331,1.56117400,0.02868740
-17.81479331,1.56117400,0.02868740
-17.79431331,1.51661700,0.02868740
-17.77383331,1.56117400,0.02868740
-17.75335331,1.56117400,0.02868740
-17.73287331,1.56117400,0.07309183
-17.71239331,1.56117400,0.02868740
-17.69191331,1.56117400,0.02868740
-17.67143331,1.56117400,0.02868740
-17.65095331,1.56117400,0.07309183
-17.63047331,1.56117400,0.07309183
-17.60999331,1.56117400,0.02868740
-17.58951331,1.56117400,0.02868740
-17.56903331,1.56117400,0.02868740
-17.54855331,1.56117400,0.02868740
-17.52807331,1.56117400,0.02868740
-17.50759331,1.56117400,0.02868740
-17.48711331,1.56117400,0.02868740
-17.46663332,1.56117400,0.02868740
-17.44615332,1.56117400,0.02868740
-17.42567332,1.56117400,0.07309183
-17.40519332,1.56117400,0.02868740
-17.38471332,1.56117400,0.07309183
-17.36423332,1.56117400,0.02868740
-17.34375332,1.56117400,0.07309183
-17.32327332,1.56117400,0.02868740
-17.30279332,1.56117400,0.02868740
-17.28231332,1.56117400,0.07309183
-17.26183332,1.56117400,0.07309183
-17.24135332,1.56117400,0.02868740
-17.22087332,1.56117400,0.02868740
-17.20039332,1.56117400,0.02868740
-17.17991332,1.56117400,0.07309183
-17.15943332,1.56117400,0.02868740
-17.13895332,1.56117400,0.02868740
-17.11847332,1.51661700,0.02868740
-17.09799332,1.56117400,0.02868740
-17.07751332,1.56117400,0.02868740
-17.05703332,1.56117400,0.02868740
-17.03655332,1.56117400,0.02868740
-17.01607332,1.56117400,0.07309183
-16.99559332,1.56117400,0.02868740
-16.97511332,1.56117400,0.07309183
-16.95463332,1.56117400,0.02868740
-16.93415332,1.56117400,0.07309183
-16.91367332,1.56117400,0.02868740
-16.89319332,1.56117400,0.02868740
-16.87271332,1.51661700,0.02868740
-16.85223332,1.56117400,0.02868740
-16.83175332,1.56117400,0.02868740
-16.81127332,1.51661700,0.02868740
-16.79079332,1.56117400,0.07309183
-16.77031332,1.56117400,0.02868740
-16.74983332,1.56117400,0.02868740
-16.72935332,1.56117400,0.07309183
-16.70887332,1.56117400,0.07309183
-16.68839332,1.56117400,0.07309183
-16.66791332,1.56117400,0.02868740
-16.64743332,1.56117400,0.07309183
-16.62695332,1.56117400,0.02868740
-16.60647332,1.56117400,0.02868740
-16.58599332,1.51661700,0.07309183
-16.56551332,1.56117400,0.02868740
-16.54503332,1.56117400,0.02868740
-16.52455332,1.56117400,0.02868740
-16.50407332,1.56117400,0.02868740
-16.48359332,1.56117400,0.02868740
-16.46311332,1.56117400,0.02868740
-16.44263332,1.56117400,0.02868740
-16.42215332,1.56117400,0.02868740
-16.40167332,1.56117400,0.02868740
-16.38119332,1.56117400,0.02868740
-16.36071332,1.56117400,0.07309183
-16.34023332,1.56117400,0.02868740
-16.31975332,1.56117400,0.07309183
-16.29927332,1.24942800,0.02868740
-16.27879332,1.20487100,0.02868740
-16.25831332,1.20487100,0.02868740
-16.23783332,1.24942800,0.02868740
-16.21735332,1.20487100,0.02868740
-16.19687332,1.20487100,0.02868740
-16.17639332,1.20487100,0.02868740
-16.15591332,1.20487100,0.02868740
-16.13543332,1.20487100,0.02868740
-16.11495332,1.20487100,0.07309183
-16.09447332,1.24942800,0.02868740
-16.07399332,1.20487100,0.02868740
-16.05351332,1.24942800,0.02868740
-16.03303332,1.20487100,0.02868740
-16.01255332,1.20487100,0.02868740
-15.99207332,1.20487100,0.02868740
-15.97159332,1.20487100,0.07309183
-15.95111332,1.20487100,0.02868740
-15.93063332,1.20487100,0.02868740
-15.91015332,1.24942800,0.02868740
-15.88967332,1.20487100,0.07309183
-15.86919332,1.24942800,0.02868740
-15.84871332,1.24942800,0.02868740
-15.82823333,1.20487100,0.07309183
-15.80775333,1.20487100,0.02868740
-15.78727333,1.20487100,0.02868740
-15.76679333,1.20487100,0.02868740
-15.74631333,1.20487100,0.02868740
-15.72583333,1.20487100,0.02868740
-15.70535333,1.20487100,0.07309183
-15.68487333,1.20487100,0.02868740
-15.66439333,1.20487100,0.07309183
-15.64391333,1.20487100,0.02868740
-15.62343333,1.20487100,0.02868740
-15.60295333,1.20487100,0.07309183
-15.58247333,1.20487100,0.02868740
-15.56199333,1.20487100,0.02868740
-15.54151333,1.20487100,0.02868740
-15.52103333,1.20487100,0.02868740
-15.50055333,1.24942800,0.07309183
-15.48007333,1.20487100,0.02868740
-15.45959333,1.20487100,0.02868740
-15.43911333,1.20487100,0.02868740
-15.41863333,1.20487100,0.02868740
-15.39815333,1.20487100,0.07309183
-15.37767333,1.20487100,0.02868740
-15.35719333,1.20487100,0.02868740
-15.33671333,1.20487100,0.02868740
-15.31623333,1.20487100,0.02868740
-15.29575333,1.20487100,0.02868740
-15.27527333,1.24942800,0.02868740
-15.25479333,1.20487100,0.02868740
-15.23431333,1.20487100,0.02868740
-15.21383333,1.20487100,0.02868740
-15.19335333,1.24942800,0.02868740
-15.17287333,1.20487100,0.02868740
-15.15239333,1.24942800,0.02868740
-15.13191333,1.20487100,0.02868740
-15.11143333,1.20487100,0.02868740
-15.09095333,1.24942800,0.02868740
-15.07047333,1.20487100,0.02868740
-15.04999333,1.20487100,0.07309183
-15.02951333,1.20487100,0.02868740
-15.00903333,1.20487100,0.07309183
-14.98855333,1.24942800,0.07309183
-14.96807333,1.20487100,0.02868740
-14.94759333,1.20487100,0.02868740
-14.92711333,1.24942800,0.02868740
-14.90663333,1.24942800,0.02868740
-14.88615333,1.20487100,0.02868740
-14.86567333,1.20487100,0.07309183
-14.84519333,1.20487100,0.02868740
-14.82471333,1.20487100,0.02868740
-14.80423333,1.24942800,0.07309183
-14.78375333,1.20487100,0.02868740
-14.76327333,1.20487100,0.07309183
-14.74279333,1.20487100,0.07309183
-14.72231333,1.20487100,0.07309183
-14.70183333,1.20487100,0.02868740
-14.68135333,1.24942800,0.07309183
-14.66087333,1.20487100,0.07309183
-14.64039333,1.20487100,0.02868740
-14.61991333,1.20487100,0.07309183
-14.59943333,1.20487100,0.02868740
-14.57895333,1.20487100,0.02868740
-14.55847333,1.20487100,0.02868740
-14.53799333,1.20487100,0.02868740
-14.51751333,1.20487100,0.02868740
-14.49703333,1.20487100,0.02868740
-14.47655333,1.20487100,0.02868740
-14.45607333,1.20487100,0.02868740
-14.43559333,1.20487100,0.07309183
-14.41511333,1.20487100,0.07309183
-14.39463333,1.20487100,0.02868740
-14.37415333,1.20487100,0.02868740
-14.35367333,1.20487100,0.02868740
-14.33319333,1.20487100,0.07309183
-14.31271333,1.20487100,0.02868740
-14.29223333,1.20487100,0.02868740
-14.27175333,1.20487100,0.02868740
-14.25127333,1.20487100,0.02868740
-14.23079333,1.24942800,0.02868740
-14.21031333,1.20487100,0.02868740
-14.18983333,1.20487100,0.02868740
-14.16935334,1.20487100,0.02868740
-14.14887334,1.24942800,0.02868740
-14.12839334,1.20487100,0.02868740
-14.10791334,1.20487100,0.02868740
-14.08743334,1.20487100,0.02868740
-14.06695334,1.20487100,0.07309183
-14.04647334,1.24942800,0.02868740
-14.02599334,1.20487100,0.02868740
-14.00551334,1.20487100,0.02868740
-13.98503334,1.20487100,0.02868740
-13.96455334,1.20487100,0.02868740
-13.94407334,1.20487100,0.02868740
-13.92359334,1.20487100,0.02868740
-13.90311334,1.20487100,0.02868740
-13.88263334,1.20487100,0.02868740
-13.86215334,1.20487100,0.02868740
-13.84167334,1.20487100,0.02868740
-13.82119334,1.20487100,0.02868740
-13.80071334,1.20487100,0.07309183
-13.78023334,1.20487100,0.02868740
-13.75975334,1.20487100,0.02868740
-13.73927334,1.20487100,0.02868740
-13.71879334,1.20487100,0.07309183
-13.69831334,1.24942800,0.02868740
-13.67783334,1.24942800,0.02868740
-13.65735334,1.20487100,0.07309183
-13.63687334,1.20487100,0.02868740
-13.61639334,1.20487100,0.02868740
-13.59591334,1.20487100,0.02868740
-13.57543334,1.20487100,0.02868740
-13.55495334,1.20487100,0.02868740
-13.53447334,1.20487100,0.02868740
-13.51399334,1.24942800,0.02868740
-13.49351334,1.20487100,0.07309183
-13.47303334,1.24942800,0.02868740
-13.45255334,1.20487100,0.02868740
-13.43207334,1.20487100,0.02868740
-13.41159334,1.20487100,0.07309183
-13.39111334,1.24942800,0.02868740
-13.37063334,1.24942800,0.02868740
-13.35015334,1.20487100,0.02868740
-13.32967334,1.20487100,0.02868740
-13.30919334,1.24942800,0.07309183
-13.28871334,1.20487100,0.02868740
-13.26823334,1.20487100,0.02868740
-13.24775334,1.20487100,0.02868740
-13.22727334,1.20487100,0.02868740
-13.20679334,1.20487100,0.02868740
-13.18631334,1.20487100,0.02868740
-13.16583334,1.20487100,0.02868740
-13.14535334,1.20487100,0.02868740
-13.12487334,1.20487100,0.02868740
-13.10439334,1.20487100,0.02868740
-13.08391334,1.20487100,0.02868740
-13.06343334,1.24942800,0.02868740
-13.04295334,1.20487100,0.02868740
-13.02247334,1.24942800,0.02868740
-13.00199334,1.20487100,0.02868740
-12.98151334,1.20487100,0.02868740
-12.96103334,1.20487100,0.02868740
-12.94055334,1.20487100,0.02868740
-12.92007334,1.20487100,0.07309183
-12.89959334,1.20487100,0.07309183
-12.87911334,1.20487100,0.02868740
-12.85863334,1.20487100,0.02868740
-12.83815334,1.20487100,0.07309183
-12.81767334,1.20487100,0.02868740
-12.79719334,1.20487100,0.02868740
-12.77671334,1.20487100,0.02868740
-12.75623334,1.20487100,0.02868740
-12.73575334,1.20487100,0.02868740
-12.71527334,1.20487100,0.02868740
-12.69479334,1.20487100,0.07309183
-12.67431334,1.20487100,0.02868740
-12.65383334,1.20487100,0.07309183
-12.63335334,1.20487100,0.02868740
-12.61287334,1.20487100,0.02868740
-12.59239334,1.24942800,0.02868740
-12.57191334,1.20487100,0.07309183
-12.55143334,1.20487100,0.02868740
-12.53095335,1.20487100,0.02868740
-12.51047335,1.20487100,0.02868740
-12.48999335,1.20487100,0.02868740
-12.46951335,1.20487100,0.02868740
-12.44903335,1.20487100,0.02868740
-12.42855335,1.20487100,0.02868740
-12.40807335,1.20487100,0.02868740
-12.38759335,1.24942800,0.02868740
-12.36711335,1.20487100,0.02868740
-12.34663335,1.20487100,0.02868740
-12.32615335,1.20487100,0.02868740
-12.30567335,1.20487100,0.02868740
-12.28519335,1.20487100,0.02868740
-12.26471335,1.20487100,0.02868740
-12.24423335,1.24942800,0.02868740
-12.22375335,1.20487100,0.07309183
-12.20327335,1.20487100,0.02868740
-12.18279335,1.20487100,0.02868740
-12.16231335,1.20487100,0.02868740
-12.14183335,1.20487100,0.07309183
-12.12135335,1.20487100,0.07309183
-12.10087335,1.20487100,0.02868740
-12.08039335,1.20487100,0.02868740
-12.05991335,1.20487100,0.02868740
-12.03943335,1.20487100,0.02868740
-12.01895335,1.20487100,0.02868740
-11.99847335,1.24942800,0.02868740
-11.97799335,1.20487100,0.02868740
-11.95751335,1.24942800,0.07309183
-11.93703335,1.20487100,0.02868740
-11.91655335,1.20487100,0.02868740
-11.89607335,1.20487100,0.07309183
-11.87559335,1.20487100,0.02868740
-11.85511335,1.24942800,0.07309183
-11.83463335,1.24942800,0.02868740
-11.81415335,1.20487100,0.02868740
-11.79367335,1.20487100,0.02868740
-11.77319335,1.20487100,0.02868740
-11.75271335,1.20487100,0.02868740
-11.73223335,1.20487100,0.02868740
-11.71175335,1.20487100,0.02868740
-11.69127335,1.20487100,0.07309183
-11.67079335,1.20487100,0.02868740
-11.65031335,1.20487100,0.02868740
-11.62983335,1.20487100,0.02868740
-11.60935335,1.20487100,0.02868740
-11.58887335,1.24942800,0.07309183
-11.56839335,1.20487100,0.02868740
-11.54791335,1.20487100,0.02868740
-11.52743335,1.20487100,0.07309183
-11.50695335,1.20487100,0.02868740
-11.48647335,1.20487100,0.07309183
-11.46599335,1.20487100,0.02868740
-11.44551335,1.20487100,0.02868740
-11.42503335,1.20487100,0.02868740
-11.40455335,1.24942800,0.02868740
-11.38407335,1.20487100,0.02868740
-11.36359335,1.20487100,0.02868740
-11.34311335,1.24942800,0.02868740
-11.32263335,1.20487100,0.02868740
-11.30215335,1.20487100,0.02868740
-11.28167335,1.20487100,0.02868740
-11.26119335,1.20487100,0.02868740
-11.24071335,1.20487100,0.02868740
-11.22023335,1.20487100,0.02868740
-11.19975335,1.20487100,0.07309183
-11.17927335,1.20487100,0.02868740
-11.15879335,1.24942800,0.02868740
-11.13831335,1.20487100,0.02868740
-11.11783335,1.20487100,0.07309183
-11.09735335,1.24942800,0.02868740
-11.07687335,1.20487100,0.02868740
-11.05639335,1.20487100,0.02868740
-11.03591335,1.20487100,0.02868740
-11.01543335,1.20487100,0.02868740
-10.99495335,1.24942800,0.02868740
-10.97447335,1.20487100,0.07309183
-10.95399335,1.20487100,0.02868740
-10.93351335,1.20487100,0.07309183
-10.91303335,1.24942800,0.02868740
-10.89255336,1.20487100,0.02868740
-10.87207336,1.20487100,0.02868740
-10.85159336,1.20487100,0.02868740
-10.83111336,1.20487100,0.02868740
-10.81063336,1.20487100,0.02868740
-10.79015336,1.20487100,0.02868740
-10.76967336,1.20487100,0.02868740
-10.74919336,1.20487100,0.07309183
-10.72871336,1.20487100,0.02868740
-10.70823336,1.20487100,0.02868740
-10.68775336,1.20487100,0.02868740
-10.66727336,1.20487100,0.02868740
-10.64679336,1.20487100,0.02868740
-10.62631336,1.20487100,0.07309183
-10.60583336,1.20487100,0.02868740
-10.58535336,1.20487100,0.02868740
-10.56487336,1.20487100,0.07309183
-10.54439336,1.20487100,0.07309183
-10.52391336,1.20487100,0.02868740
-10.50343336,1.20487100,0.02868740
-10.48295336,1.20487100,0.02868740
-10.46247336,1.20487100,0.02868740
-10.44199336,1.20487100,0.02868740
-10.42151336,1.20487100,0.02868740
-10.40103336,1.20487100,0.02868740
-10.38055336,1.20487100,0.02868740
-10.36007336,1.20487100,0.02868740
-10.33959336,1.20487100,0.02868740
-10.31911336,1.20487100,0.02868740
-10.29863336,1.20487100,0.02868740
-10.27815336,1.20487100,0.02868740
-10.25767336,1.20487100,0.07309183
-10.23719336,1.20487100,0.02868740
-10.21671336,1.24942800,0.02868740
-10.19623336,1.20487100,0.07309183
-10.17575336,1.20487100,0.02868740
-10.15527336,1.20487100,0.02868740
-10.13479336,1.24942800,0.02868740
-10.11431336,1.20487100,0.02868740
-10.09383336,1.20487100,0.02868740
-10.07335336,1.20487100,0.02868740
-10.05287336,1.20487100,0.07309183
-10.03239336,1.20487100,0.07309183
-10.01191336,1.20487100,0.02868740
-9.99143336,1.20487100,0.02868740
-9.97095336,1.20487100,0.02868740
-9.95047336,1.20487100,0.07309183
-9.92999336,1.20487100,0.02868740
-9.90951336,1.20487100,0.07309183
-9.88903336,1.20487100,0.02868740
-9.86855336,1.20487100,0.02868740
-9.84807336,1.20487100,0.02868740
-9.82759336,1.24942800,0.07309183
-9.80711336,1.20487100,0.07309183
-9.78663336,1.20487100,0.02868740
-9.76615336,1.20487100,0.07309183
-9.74567336,1.20487100,0.02868740
-9.72519336,1.20487100,0.07309183
-9.70471336,1.20487100,0.02868740
-9.68423336,1.20487100,0.02868740
-9.66375336,1.20487100,0.07309183
-9.64327336,1.24942800,0.07309183
-9.62279336,1.20487100,0.07309183
-9.60231336,1.20487100,0.02868740
-9.58183336,1.20487100,0.07309183
-9.56135336,1.24942800,0.02868740
-9.54087336,1.24942800,0.02868740
-9.52039336,1.20487100,0.02868740
-9.49991336,1.20487100,0.07309183
-9.47943336,1.20487100,0.07309183
-9.45895336,1.20487100,0.02868740
-9.43847336,1.20487100,0.02868740
-9.41799336,1.20487100,0.02868740
-9.39751336,1.20487100,0.07309183
-9.37703336,1.20487100,0.07309183
-9.35655336,1.20487100,0.02868740
-9.33607336,1.20487100,0.02868740
-9.31559336,1.24942800,0.07309183
-9.29511336,1.20487100,0.07309183
-9.27463336,1.20487100,0.02868740
-9.25415336,1.20487100,0.02868740
-9.23367337,1.20487100,0.02868740
-9.21319337,1.20487100,0.07309183
-9.19271337,1.20487100,0.02868740
-9.17223337,1.20487100,0.02868740
-9.15175337,1.20487100,0.07309183
-9.13127337,1.20487100,0.02868740
-9.11079337,1.20487100,0.02868740
-9.09031337,1.20487100,0.02868740
-9.06983337,1.20487100,0.02868740
-9.04935337,1.20487100,0.02868740
-9.02887337,1.20487100,0.02868740
-9.00839337,1.20487100,0.02868740
-8.98791337,1.20487100,0.02868740
-8.96743337,1.20487100,0.07309183
-8.94695337,1.20487100,0.02868740
-8.92647337,1.20487100,0.02868740
-8.90599337,1.20487100,0.02868740
-8.88551337,1.20487100,0.02868740
-8.86503337,1.20487100,0.02868740
-8.84455337,1.24942800,0.02868740
-8.82407337,1.20487100,0.02868740
-8.80359337,1.20487100,0.02868740
-8.78311337,1.20487100,0.02868740
-8.76263337,1.24942800,0.02868740
-8.74215337,1.20487100,0.02868740
-8.72167337,1.24942800,0.02868740
-8.70119337,1.20487100,0.02868740
-8.68071337,1.20487100,0.07309183
-8.66023337,1.24942800,0.02868740
-8.63975337,1.20487100,0.02868740
-8.61927337,1.20487100,0.02868740
-8.59879337,1.20487100,0.02868740
-8.57831337,1.20487100,0.02868740
-8.55783337,1.20487100,0.02868740
-8.53735337,1.20487100,0.07309183
-8.51687337,1.20487100,0.02868740
-8.49639337,1.20487100,0.02868740
-8.47591337,1.20487100,0.02868740
-8.45543337,1.20487100,0.07309183
-8.43495337,1.20487100,0.02868740
-8.41447337,1.20487100,0.02868740
-8.39399337,1.20487100,0.02868740
-8.37351337,1.20487100,0.02868740
-8.35303337,1.20487100,0.07309183
-8.33255337,1.20487100,0.07309183
-8.31207337,1.20487100,0.02868740
-8.29159337,1.20487100,0.07309183
-8.27111337,1.20487100,0.02868740
-8.25063337,1.20487100,0.02868740
-8.23015337,1.20487100,0.07309183
-8.20967337,1.20487100,0.02868740
-8.18919337,1.20487100,0.02868740
-8.16871337,1.20487100,0.02868740
-8.14823337,1.20487100,0.02868740
-8.12775337,1.20487100,0.02868740
-8.10727337,1.20487100,0.07309183
-8.08679337,1.20487100,0.02868740
-8.06631337,1.20487100,0.02868740
-8.04583337,1.20487100,0.02868740
-8.02535337,1.20487100,0.02868740
-8.00487337,1.20487100,0.02868740
-7.98439337,1.20487100,0.07309183
-7.96391337,1.20487100,0.02868740
-7.94343337,1.20487100,0.07309183
-7.92295337,1.20487100,0.02868740
-7.90247337,1.20487100,0.02868740
-7.88199337,1.20487100,0.02868740
-7.86151337,1.24942800,0.02868740
-7.84103337,1.20487100,0.07309183
-7.82055337,1.20487100,0.02868740
-7.80007337,1.24942800,0.02868740
-7.77959337,1.20487100,0.02868740
-7.75911337,1.24942800,0.02868740
-7.73863337,1.20487100,0.02868740
-7.71815337,1.20487100,0.02868740
-7.69767337,1.20487100,0.02868740
-7.67719337,1.24942800,0.07309183
-7.65671337,1.24942800,0.02868740
-7.63623337,1.20487100,0.02868740
-7.61575337,1.20487100,0.07309183
-7.59527338,1.24942800,0.02868740
-7.57479338,1.20487100,0.02868740
-7.55431338,1.20487100,0.02868740
-7.53383338,1.20487100,0.07309183
-7.51335338,1.20487100,0.02868740
-7.49287338,1.20487100,0.02868740
-7.47239338,1.20487100,0.02868740
-7.45191338,1.20487100,0.02868740
-7.43143338,1.20487100,0.07309183
-7.41095338,1.20487100,0.02868740
-7.39047338,1.20487100,0.02868740
-7.36999338,1.20487100,0.02868740
-7.34951338,1.24942800,0.02868740
-7.32903338,1.20487100,0.02868740
-7.30855338,1.20487100,0.02868740
-7.28807338,1.20487100,0.02868740
-7.26759338,1.20487100,0.02868740
-7.24711338,1.20487100,0.02868740
-7.22663338,1.20487100,0.02868740
-7.20615338,1.20487100,0.02868740
-7.18567338,1.24942800,0.07309183
-7.16519338,1.20487100,0.02868740
-7.14471338,1.20487100,0.02868740
-7.12423338,1.20487100,0.07309183
-7.10375338,1.20487100,0.02868740
-7.08327338,1.20487100,0.02868740
-7.06279338,1.20487100,0.07309183
-7.04231338,1.20487100,0.07309183
-7.02183338,1.20487100,0.02868740
-7.00135338,1.20487100,0.02868740
-6.98087338,1.20487100,0.02868740
-6.96039338,1.24942800,0.07309183
-6.93991338,1.20487100,0.07309183
-6.91943338,1.20487100,0.02868740
-6.89895338,1.20487100,0.02868740
-6.87847338,1.20487100,0.02868740
-6.85799338,1.20487100,0.02868740
-6.83751338,1.24942800,0.07309183
-6.81703338,1.20487100,0.07309183
-6.79655338,1.20487100,0.02868740
-6.77607338,1.20487100,0.02868740
-6.75559338,1.20487100,0.02868740
-6.73511338,1.20487100,0.02868740
-6.71463338,1.20487100,0.02868740
-6.69415338,1.20487100,0.07309183
-6.67367338,1.24942800,0.07309183
-6.65319338,1.20487100,0.07309183
-6.63271338,1.20487100,0.07309183
-6.61223338,1.20487100,0.02868740
-6.59175338,1.20487100,0.02868740
-6.57127338,1.20487100,0.02868740
-6.55079338,1.20487100,0.02868740
-6.53031338,1.20487100,0.02868740
-6.50983338,1.20487100,0.02868740
-6.48935338,1.24942800,0.07309183
-6.46887338,1.20487100,0.02868740
-6.44839338,1.20487100,0.02868740
-6.42791338,1.20487100,0.02868740
-6.40743338,1.20487100,0.02868740
-6.38695338,1.20487100,0.02868740
-6.36647338,1.20487100,0.07309183
-6.34599338,1.20487100,0.02868740
-6.32551338,1.20487100,0.07309183
-6.30503338,1.20487100,0.02868740
-6.28455338,1.24942800,0.02868740
-6.26407338,1.20487100,0.07309183
-6.24359338,1.24942800,0.07309183
-6.22311338,1.20487100,0.07309183
-6.20263338,1.20487100,0.02868740
-6.18215338,1.20487100,0.02868740
-6.16167338,1.20487100,0.07309183
-6.14119338,1.20487100,0.02868740
-6.12071338,1.20487100,0.02868740
-6.10023338,1.24942800,0.02868740
-6.07975338,1.20487100,0.07309183
-6.05927338,1.20487100,0.02868740
-6.03879338,1.20487100,0.02868740
-6.01831338,1.20487100,0.02868740
-5.99783338,1.20487100,0.02868740
-5.97735338,1.20487100,0.02868740
-5.95687339,1.24942800,0.02868740
-5.93639339,1.20487100,0.02868740
-5.91591339,1.20487100,0.02868740
-5.89543339,1.24942800,0.07309183
-5.87495339,1.20487100,0.07309183
-5.85447339,1.20487100,0.02868740
-5.83399339,1.20487100,0.07309183
-5.81351339,1.20487100,0.02868740
-5.79303339,1.20487100,0.02868740
-5.77255339,1.24942800,0.07309183
-5.75207339,1.20487100,0.02868740
-5.73159339,1.24942800,0.02868740
-5.71111339,1.20487100,0.02868740
-5.69063339,1.20487100,0.02868740
-5.67015339,1.20487100,0.02868740
-5.64967339,1.20487100,0.07309183
-5.62919339,1.24942800,0.02868740
-5.60871339,1.20487100,0.02868740
-5.58823339,1.20487100,0.02868740
-5.56775339,1.20487100,0.02868740
-5.54727339,1.20487100,0.07309183
-5.52679339,1.24942800,0.02868740
-5.50631339,1.20487100,0.02868740
-5.48583339,1.20487100,0.02868740
-5.46535339,1.20487100,0.07309183
-5.44487339,1.20487100,0.02868740
-5.42439339,1.20487100,0.02868740
-5.40391339,1.20487100,0.02868740
-5.38343339,1.20487100,0.02868740
-5.36295339,1.20487100,0.07309183
-5.34247339,1.20487100,0.02868740
-5.32199339,1.20487100,0.07309183
-5.30151339,1.20487100,0.02868740
-5.28103339,1.20487100,0.02868740
-5.26055339,1.20487100,0.02868740
-5.24007339,1.20487100,0.07309183
-5.21959339,1.24942800,0.02868740
-5.19911339,1.20487100,0.02868740
-5.17863339,1.20487100,0.02868740
-5.15815339,1.24942800,0.02868740
-5.13767339,1.24942800,0.02868740
-5.11719339,1.20487100,0.02868740
-5.09671339,1.20487100,0.02868740
-5.07623339,1.20487100,0.02868740
-5.05575339,1.24942800,0.02868740
-5.03527339,1.20487100,0.02868740
-5.01479339,1.20487100,0.02868740
-4.99431339,1.24942800,0.02868740
-4.97383339,1.20487100,0.02868740
-4.95335339,1.20487100,0.02868740
-4.93287339,1.20487100,0.07309183
-4.91239339,1.20487100,0.02868740
-4.89191339,1.20487100,0.02868740
-4.87143339,1.20487100,0.02868740
-4.85095339,1.20487100,0.02868740
-4.83047339,1.20487100,0.02868740
-4.80999339,1.20487100,0.02868740
-4.78951339,1.24942800,0.02868740
-4.76903339,1.20487100,0.02868740
-4.74855339,1.20487100,0.02868740
-4.72807339,1.20487100,0.02868740
-4.70759339,1.20487100,0.02868740
-4.68711339,1.20487100,0.02868740
-4.66663339,1.24942800,0.07309183
-4.64615339,1.20487100,0.02868740
-4.62567339,1.20487100,0.02868740
-4.60519339,1.20487100,0.02868740
-4.58471339,1.20487100,0.02868740
-4.56423339,1.20487100,0.07309183
-4.54375339,1.20487100,0.02868740
-4.52327339,1.20487100,0.07309183
-4.50279339,1.20487100,0.02868740
-4.48231339,1.20487100,0.02868740
-4.46183339,1.20487100,0.02868740
-4.44135339,1.20487100,0.02868740
-4.42087339,1.20487100,0.07309183
-4.40039339,1.20487100,0.07309183
-4.37991339,1.20487100,0.07309183
-4.35943339,1.20487100,0.02868740
-4.33895339,1.20487100,0.02868740
-4.31847339,1.20487100,0.02868740
-4.29799340,1.20487100,0.02868740
-4.27751340,1.20487100,0.02868740
-4.25703340,1.20487100,0.02868740
-4.23655340,1.20487100,0.02868740
-4.21607340,1.20487100,0.02868740
-4.19559340,1.24942800,0.02868740
-4.17511340,1.20487100,0.02868740
-4.15463340,1.20487100,0.02868740
-4.13415340,1.24942800,0.07309183
-4.11367340,1.20487100,0.02868740
-4.09319340,1.20487100,0.02868740
-4.07271340,1.20487100,0.02868740
-4.05223340,1.24942800,0.02868740
-4.03175340,1.20487100,0.07309183
-4.01127340,1.20487100,0.02868740
-3.99079340,1.20487100,0.07309183
-3.97031340,1.20487100,0.02868740
-3.94983340,1.20487100,0.07309183
-3.92935340,1.20487100,0.02868740
-3.90887340,1.20487100,0.02868740
-3.88839340,1.24942800,0.02868740
-3.86791340,1.20487100,0.02868740
-3.84743340,1.20487100,0.02868740
-3.82695340,1.24942800,0.07309183
-3.80647340,1.20487100,0.02868740
-3.78599340,1.20487100,0.02868740
-3.76551340,1.20487100,0.02868740
-3.74503340,1.20487100,0.02868740
-3.72455340,1.24942800,0.02868740
-3.70407340,1.24942800,0.02868740
-3.68359340,1.20487100,0.02868740
-3.66311340,1.20487100,0.02868740
-3.64263340,1.20487100,0.02868740
-3.62215340,1.20487100,0.02868740
-3.60167340,1.20487100,0.02868740
-3.58119340,1.20487100,0.02868740
-3.56071340,1.20487100,0.02868740
-3.54023340,1.20487100,0.02868740
-3.51975340,1.20487100,0.07309183
-3.49927340,1.20487100,0.02868740
-3.47879340,1.20487100,0.02868740
-3.45831340,1.20487100,0.02868740
-3.43783340,1.24942800,0.07309183
-3.41735340,1.20487100,0.02868740
-3.39687340,1.20487100,0.02868740
-3.37639340,1.24942800,0.02868740
-3.35591340,1.20487100,0.02868740
-3.33543340,1.20487100,0.02868740
-3.31495340,1.20487100,0.02868740
-3.29447340,1.20487100,0.07309183
-3.27399340,1.20487100,0.02868740
-3.25351340,1.20487100,0.07309183
-3.23303340,1.20487100,0.07309183
-3.21255340,1.20487100,0.02868740
-3.19207340,1.20487100,0.02868740
-3.17159340,1.20487100,0.02868740
-3.15111340,1.20487100,0.02868740
-3.13063340,1.24942800,0.02868740
-3.11015340,1.20487100,0.02868740
-3.08967340,1.24942800,0.07309183
-3.06919340,1.24942800,0.02868740
-3.04871340,1.20487100,0.02868740
-3.02823340,1.20487100,0.07309183
-3.00775340,1.20487100,0.02868740
-2.98727340,1.20487100,0.02868740
-2.96679340,1.24942800,0.07309183
-2.94631340,1.20487100,0.02868740
-2.92583340,1.20487100,0.02868740
-2.90535340,1.20487100,0.02868740
-2.88487340,1.24942800,0.02868740
-2.86439340,1.20487100,0.02868740
-2.84391340,1.20487100,0.02868740
-2.82343340,1.20487100,0.02868740
-2.80295340,1.20487100,0.02868740
-2.78247340,1.20487100,0.02868740
-2.76199340,1.24942800,0.02868740
-2.74151340,1.20487100,0.02868740
-2.72103340,1.20487100,0.02868740
-2.70055340,1.20487100,0.02868740
-2.68007340,1.20487100,0.02868740
-2.65959341,1.20487100,0.02868740
-2.63911341,1.20487100,0.02868740
-2.61863341,1.20487100,0.02868740
-2.59815341,1.20487100,0.07309183
-2.57767341,1.20487100,0.02868740
-2.55719341,1.20487100,0.02868740
-2.53671341,1.20487100,0.02868740
-2.51623341,1.24942800,0.02868740
-2.49575341,1.20487100,0.07309183
-2.47527341,1.24942800,0.02868740
-2.45479341,1.20487100,0.02868740
-2.43431341,1.24942800,0.07309183
-2.41383341,1.20487100,0.02868740
-2.39335341,1.20487100,0.02868740
-2.37287341,1.20487100,0.02868740
-2.35239341,1.20487100,0.02868740
-2.33191341,1.20487100,0.02868740
-2.31143341,1.20487100,0.02868740
-2.29095341,1.20487100,0.02868740
-2.27047341,1.20487100,0.02868740
-2.24999341,1.20487100,0.02868740
-2.22951341,1.20487100,0.07309183
-2.20903341,1.20487100,0.02868740
-2.18855341,1.20487100,0.02868740
-2.16807341,1.20487100,0.07309183
-2.14759341,1.20487100,0.02868740
-2.12711341,1.24942800,0.07309183
-2.10663341,1.20487100,0.02868740
-2.08615341,0.53666800,0.02868740
-2.06567341,0.53666800,0.02868740
-2.04519341,0.53666800,0.02868740
-2.02471341,0.53666800,0.02868740
-2.00423341,0.53666800,0.02868740
-1.98375341,0.53666800,0.02868740
-1.96327341,0.53666800,0.02868740
-1.94279341,0.53666800,0.02868740
-1.92231341,0.53666800,0.02868740
-1.90183341,0.53666800,0.02868740
-1.88135341,0.53666800,0.02868740
-1.86087341,0.53666800,0.02868740
-1.84039341,0.53666800,0.02868740
-1.81991341,0.53666800,0.02868740
-1.79943341,0.53666800,0.02868740
-1.77895341,0.53666800,0.02868740
-1.75847341,0.53666800,0.02868740
-1.73799341,0.53666800,0.02868740
-1.71751341,0.53666800,0.02868740
-1.69703341,0.53666800,0.07309183
-1.67655341,0.53666800,0.02868740
-1.65607341,0.53666800,0.02868740
-1.63559341,0.53666800,0.07309183
-1.61511341,0.53666800,0.02868740
-1.59463341,0.53666800,0.02868740
-1.57415341,0.53666800,0.07309183
-1.55367341,0.53666800,0.02868740
-1.53319341,0.53666800,0.07309183
-1.51271341,0.53666800,0.02868740
-1.49223341,0.53666800,0.02868740
-1.47175341,0.53666800,0.02868740
-1.45127341,0.53666800,0.02868740
-1.43079341,0.53666800,0.07309183
-1.41031341,0.53666800,0.02868740
-1.38983341,0.53666800,0.02868740
-1.36935341,0.53666800,0.02868740
-1.34887341,0.53666800,0.02868740
-1.32839341,0.53666800,0.02868740
-1.30791341,0.53666800,0.02868740
-1.28743341,0.53666800,0.02868740
-1.26695341,0.58122500,0.02868740
-1.24647341,0.53666800,0.07309183
-1.22599341,0.53666800,0.02868740
-1.20551341,0.53666800,0.02868740
-1.18503341,0.53666800,0.02868740
-1.16455341,0.53666800,0.02868740
-1.14407341,0.53666800,0.02868740
-1.12359341,0.53666800,0.02868740
-1.10311341,0.53666800,0.02868740
-1.08263341,0.53666800,0.02868740
-1.06215341,0.53666800,0.02868740
-1.04167341,0.53666800,0.02868740
-1.02119341,0.53666800,0.07309183
-1.00071342,0.53666800,0.02868740
-0.98023342,0.53666800,0.02868740
-0.95975342,0.53666800,0.07309183
-0.93927342,0.53666800,0.02868740
-0.91879342,0.53666800,0.02868740
-0.89831342,0.53666800,0.02868740
-0.87783342,0.53666800,0.07309183
-0.85735342,0.53666800,0.02868740
-0.83687342,0.53666800,0.02868740
-0.81639342,0.53666800,0.02868740
-0.79591342,0.53666800,0.02868740
-0.77543342,0.53666800,0.02868740
-0.75495342,0.53666800,0.02868740
-0.73447342,0.53666800,0.02868740
-0.71399342,0.53666800,0.02868740
-0.69351342,0.53666800,0.02868740
-0.67303342,0.53666800,0.02868740
-0.65255342,0.53666800,0.07309183
-0.63207342,0.53666800,0.07309183
-0.61159342,0.53666800,0.02868740
-0.59111342,0.53666800,0.02868740
-0.57063342,0.53666800,0.02868740
-0.55015342,0.53666800,0.02868740
-0.52967342,0.53666800,0.02868740
-0.50919342,0.53666800,0.02868740
-0.48871342,0.53666800,0.07309183
-0.46823342,0.53666800,0.02868740
-0.44775342,0.53666800,0.07309183
-0.42727342,0.53666800,0.02868740
-0.40679342,0.53666800,0.02868740
-0.38631342,0.53666800,0.02868740
-0.36583342,0.53666800,0.02868740
-0.34535342,0.53666800,0.02868740
-0.32487342,0.53666800,0.02868740
-0.30439342,0.53666800,0.02868740
-0.28391342,0.53666800,0.02868740
-0.26343342,0.53666800,0.02868740
-0.24295342,0.53666800,0.07309183
-0.22247342,0.53666800,0.02868740
-0.20199342,0.53666800,0.07309183
-0.18151342,0.53666800,0.02868740
-0.16103342,0.53666800,0.02868740
-0.14055342,0.53666800,0.02868740
-0.12007342,0.53666800,0.02868740
-0.09959342,0.53666800,0.02868740
-0.07911342,0.53666800,0.02868740
-0.05863342,0.53666800,0.02868740
-0.03815342,0.53666800,0.02868740
-0.01767342,0.53666800,0.02868740
0.00280658,2.67494700,3.30820600
0.02328658,2.67494700,3.35245800
0.04376658,2.71950400,3.35245800
0.06424658,2.67494700,3.30820600
0.08472658,2.67494700,3.30820600
0.10520658,2.67494700,3.35245800
0.12568658,2.67494700,3.35245800
0.14616658,2.71950400,3.35245800
0.16664658,2.67494700,3.35245800
0.18712658,2.67494700,3.35245800
0.20760658,2.67494700,3.35245800
0.22808658,2.67494700,3.35245800
0.24856658,2.67494700,3.35245800
0.26904658,2.67494700,3.35245800
0.28952658,2.67494700,3.30820600
0.31000658,2.67494700,3.35245800
0.33048658,2.71950400,3.30820600
0.35096658,2.67494700,3.35245800
0.37144658,2.67494700,3.30820600
0.39192658,2.67494700,3.35245800
0.41240658,2.67494700,3.35245800
0.43288658,2.67494700,3.35245800
0.45336658,2.67494700,3.35245800
0.47384658,2.71950400,3.35245800
0.49432658,2.67494700,3.35245800
0.51480658,2.67494700,3.35245800
0.53528658,2.67494700,3.30820600
0.55576658,2.67494700,3.35245800
0.57624658,2.67494700,3.35245800
0.59672658,2.67494700,3.30820600
0.61720658,2.71950400,3.35245800
0.63768657,2.67494700,3.35245800
0.65816657,2.67494700,3.35245800
0.67864657,2.67494700,3.30820600
0.69912657,2.67494700,3.30820600
0.71960657,2.67494700,3.35245800
0.74008657,2.67494700,3.35245800
0.76056657,2.71950400,3.35245800
0.78104657,2.67494700,3.35245800
0.80152657,2.67494700,3.30820600
0.82200657,2.67494700,3.30820600
0.84248657,2.67494700,3.35245800
0.86296657,2.67494700,3.35245800
0.88344657,2.67494700,3.35245800
0.90392657,2.71950400,3.35245800
0.92440657,2.71950400,3.35245800
0.94488657,2.67494700,3.30820600
0.96536657,2.71950400,3.35245800
0.98584657,2.67494700,3.30820600
1.00632657,2.71950400,3.30820600
1.02680657,2.67494700,3.35245800
1.04728657,2.67494700,3.30820600
1.06776657,2.67494700,3.30820600
1.08824657,2.67494700,3.30820600
1.10872657,2.67494700,3.35245800
1.12920657,2.67494700,3.35245800
1.14968657,2.67494700,3.35245800
1.17016657,2.67494700,3.30820600
1.19064657,2.67494700,3.35245800
1.21112657,2.67494700,3.35245800
1.23160657,2.67494700,3.30820600
1.25208657,2.67494700,3.30820600
1.27256657,2.67494700,3.35245800
1.29304657,2.67494700,3.30820600
1.31352657,2.67494700,3.35245800
1.33400657,2.71950400,3.30820600
1.35448657,2.67494700,3.35245800
1.37496657,2.67494700,3.35245800
1.39544657,2.67494700,3.35245800
1.41592657,2.67494700,3.30820600
1.43640657,2.67494700,3.35245800
1.45688657,2.67494700,3.30820600
1.47736657,2.67494700,3.35245800
1.49784657,2.67494700,3.30820600
1.51832657,2.67494700,3.35245800
1.53880657,2.71950400,3.35245800
1.55928657,2.67494700,3.35245800
1.57976657,2.67494700,3.30820600
1.60024657,2.67494700,3.35245800
1.62072657,2.67494700,3.30820600
1.64120657,2.67494700,3.35245800
1.66168657,2.67494700,3.35245800
1.68216657,2.67494700,3.30820600
1.70264657,2.67494700,3.35245800
1.72312657,2.67494700,3.35245800
1.74360657,2.67494700,3.35245800
1.76408657,2.71950400,3.35245800
1.78456657,2.67494700,3.35245800
1.80504657,2.71950400,3.35245800
1.82552657,2.67494700,3.35245800
1.84600657,2.67494700,3.30820600
1.86648657,2.67494700,3.35245800
1.88696657,2.71950400,3.35245800
1.90744657,2.67494700,3.35245800
1.92792657,2.71950400,3.35245800
1.94840657,2.67494700,3.35245800
1.96888657,2.67494700,3.30820600
1.98936657,2.67494700,3.30820600
2.00984657,2.67494700,3.35245800
2.03032657,2.67494700,3.35245800
2.05080657,2.67494700,3.35245800
2.07128657,0.53666800,3.35245800
2.09176657,0.53666800,0.02868740
2.11224657,0.53666800,0.07309183
2.13272657,0.53666800,0.07309183
2.15320657,0.53666800,0.02868740
2.17368657,0.53666800,0.07309183
2.19416657,0.53666800,0.02868740
2.21464657,0.53666800,0.02868740
2.23512657,0.53666800,0.07309183
2.25560657,0.53666800,0.02868740
2.27608656,0.53666800,0.02868740
2.29656656,0.53666800,0.02868740
2.31704656,0.53666800,0.02868740
2.33752656,0.53666800,0.02868740
2.35800656,0.53666800,0.02868740
2.37848656,0.53666800,0.07309183
2.39896656,0.53666800,0.02868740
2.41944656,0.53666800,0.02868740
2.43992656,0.53666800,0.07309183
2.46040656,0.53666800,0.02868740
2.48088656,0.53666800,0.02868740
2.50136656,0.53666800,0.02868740
2.52184656,0.53666800,0.02868740
2.54232656,0.53666800,0.07309183
2.56280656,0.53666800,0.02868740
2.58328656,0.53666800,0.07309183
2.60376656,0.53666800,0.02868740
2.62424656,0.53666800,0.07309183
2.64472656,0.53666800,0.02868740
2.66520656,0.53666800,0.02868740
2.68568656,0.53666800,0.02868740
2.70616656,0.53666800,0.02868740
2.72664656,0.53666800,0.02868740
2.74712656,0.53666800,0.02868740
2.76760656,0.53666800,0.02868740
2.78808656,0.53666800,0.02868740
2.80856656,0.53666800,0.02868740
2.82904656,0.53666800,0.02868740
2.84952656,0.53666800,0.02868740
2.87000656,0.53666800,0.07309183
2.89048656,0.53666800,0.02868740
2.91096656,0.53666800,0.02868740
2.93144656,0.53666800,0.02868740
2.95192656,0.53666800,0.02868740
2.97240656,0.53666800,0.02868740
2.99288656,0.53666800,0.02868740
3.01336656,0.53666800,0.02868740
3.03384656,0.53666800,0.02868740
3.05432656,0.53666800,0.02868740
3.07480656,0.53666800,0.07309183
3.09528656,0.53666800,0.02868740
3.11576656,0.53666800,0.02868740
3.13624656,0.53666800,0.02868740
3.15672656,0.53666800,0.02868740
3.17720656,0.53666800,0.02868740
3.19768656,0.53666800,0.02868740
3.21816656,0.53666800,0.02868740
3.23864656,0.53666800,0.02868740
3.25912656,0.53666800,0.07309183
3.27960656,0.53666800,0.07309183
3.30008656,0.53666800,0.02868740
3.32056656,0.53666800,0.07309183
3.34104656,0.53666800,0.02868740
3.36152656,0.53666800,0.02868740
3.38200656,0.53666800,0.02868740
3.40248656,0.53666800,0.02868740
3.42296656,0.53666800,0.02868740
3.44344656,0.53666800,0.07309183
3.46392656,0.53666800,0.02868740
3.48440656,0.53666800,0.02868740
3.50488656,0.53666800,0.07309183
3.52536656,0.53666800,0.02868740
3.54584656,0.53666800,0.07309183
3.56632656,0.53666800,0.02868740
3.58680656,0.53666800,0.02868740
3.60728656,0.53666800,0.02868740
3.62776656,0.53666800,0.02868740
3.64824656,0.53666800,0.02868740
3.66872656,0.53666800,0.02868740
3.68920656,0.53666800,0.02868740
3.70968656,0.53666800,0.02868740
3.73016656,0.53666800,0.02868740
3.75064656,0.53666800,0.02868740
3.77112656,0.53666800,0.02868740
3.79160656,0.53666800,0.02868740
3.81208656,0.53666800,0.02868740
3.83256656,0.53666800,0.02868740
3.85304656,0.53666800,0.02868740
3.87352656,0.53666800,0.02868740
3.89400656,0.53666800,0.02868740
3.91448656,0.53666800,0.07309183
3.93496655,0.53666800,0.02868740
3.95544655,0.53666800,0.02868740
3.97592655,0.53666800,0.07309183
3.99640655,0.53666800,0.02868740
4.01688655,0.53666800,0.02868740
4.03736655,0.53666800,0.07309183
4.05784655,0.53666800,0.02868740
4.07832655,0.53666800,0.02868740
4.09880655,0.53666800,0.02868740
4.11928655,0.53666800,0.02868740
4.13976655,0.53666800,0.02868740
4.16024655,0.53666800,0.02868740
4.18072655,0.53666800,0.02868740
4.20120655,0.53666800,0.02868740
4.22168655,0.53666800,0.07309183
4.24216655,0.53666800,0.07309183
4.26264655,0.53666800,0.02868740
4.28312655,0.53666800,0.02868740
4.30360655,0.53666800,0.02868740
4.32408655,0.53666800,0.02868740
4.34456655,0.53666800,0.02868740
4.36504655,0.53666800,0.02868740
4.38552655,0.53666800,0.02868740
4.40600655,0.53666800,0.02868740
4.42648655,0.53666800,0.02868740
4.44696655,0.53666800,0.02868740
4.46744655,0.53666800,0.02868740
4.48792655,0.53666800,0.02868740
4.50840655,0.53666800,0.07309183
4.52888655,0.53666800,0.02868740
4.54936655,0.53666800,0.07309183
4.56984655,0.53666800,0.02868740
4.59032655,0.53666800,0.02868740
4.61080655,0.53666800,0.02868740
4.63128655,0.53666800,0.02868740
4.65176655,0.53666800,0.02868740
4.67224655,0.53666800,0.02868740
4.69272655,0.53666800,0.02868740
4.71320655,0.53666800,0.02868740
4.73368655,0.53666800,0.02868740
4.75416655,0.53666800,0.02868740
4.77464655,0.53666800,0.02868740
4.79512655,0.53666800,0.02868740
4.81560655,0.53666800,0.02868740
4.83608655,0.53666800,0.02868740
4.85656655,0.53666800,0.02868740
4.87704655,0.53666800,0.02868740
4.89752655,0.53666800,0.02868740
4.91800655,0.53666800,0.02868740
4.93848655,0.53666800,0.02868740
4.95896655,0.53666800,0.07309183
4.97944655,0.53666800,0.02868740
4.99992655,0.53666800,0.02868740
5.02040655,0.53666800,0.02868740
5.04088655,0.53666800,0.02868740
5.06136655,0.53666800,0.02868740
5.08184655,0.53666800,0.02868740
5.10232655,0.53666800,0.02868740
5.12280655,0.53666800,0.02868740
5.14328655,0.53666800,0.07309183
5.16376655,0.53666800,0.02868740
5.18424655,0.53666800,0.02868740
5.20472655,0.53666800,0.07309183
5.22520655,0.53666800,0.02868740
5.24568655,0.53666800,0.02868740
5.26616655,0.53666800,0.02868740
5.28664655,0.53666800,0.02868740
5.30712655,0.53666800,0.02868740
5.32760655,0.53666800,0.02868740
5.34808655,0.53666800,0.07309183
5.36856655,0.53666800,0.07309183
5.38904655,0.53666800,0.02868740
5.40952655,0.53666800,0.07309183
5.43000655,0.53666800,0.02868740
5.45048655,0.53666800,0.02868740
5.47096655,0.53666800,0.02868740
5.49144655,0.53666800,0.02868740
5.51192655,0.53666800,0.02868740
5.53240655,0.53666800,0.07309183
5.55288655,0.53666800,0.02868740
5.57336654,0.53666800,0.02868740
5.59384654,0.53666800,0.02868740
5.61432654,0.53666800,0.02868740
5.63480654,0.53666800,0.07309183
5.65528654,0.53666800,0.02868740
5.67576654,0.53666800,0.02868740
5.69624654,0.53666800,0.02868740
5.71672654,0.53666800,0.02868740
5.73720654,0.53666800,0.02868740
5.75768654,0.53666800,0.02868740
5.77816654,0.53666800,0.02868740
5.79864654,1.56117400,0.07309183
5.81912654,1.56117400,0.02868740
5.83960654,1.56117400,0.02868740
5.86008654,1.56117400,0.02868740
5.88056654,1.51661700,0.02868740
5.90104654,1.56117400,0.02868740
5.92152654,1.56117400,0.02868740
5.94200654,1.56117400,0.02868740
5.96248654,1.56117400,0.02868740
5.98296654,1.51661700,0.07309183
6.00344654,1.56117400,0.07309183
6.02392654,1.56117400,0.02868740
6.04440654,1.56117400,0.07309183
6.06488654,1.56117400,0.02868740
6.08536654,1.56117400,0.02868740
6.10584654,1.56117400,0.07309183
6.12632654,1.56117400,0.02868740
6.14680654,1.56117400,0.07309183
6.16728654,1.56117400,0.02868740
6.18776654,1.56117400,0.02868740
6.20824654,1.56117400,0.02868740
6.22872654,1.56117400,0.02868740
6.24920654,1.56117400,0.02868740
6.26968654,1.56117400,0.07309183
6.29016654,1.56117400,0.07309183
6.31064654,1.51661700,0.07309183
6.33112654,1.56117400,0.02868740
6.35160654,1.56117400,0.07309183
6.37208654,1.56117400,0.07309183
6.39256654,1.56117400,0.07309183
6.41304654,1.56117400,0.02868740
6.43352654,1.56117400,0.07309183
6.45400654,1.56117400,0.02868740
6.47448654,1.56117400,0.02868740
6.49496654,1.56117400,0.02868740
6.51544654,1.56117400,0.02868740
6.53592654,1.56117400,0.02868740
6.55640654,1.56117400,0.07309183
6.57688654,1.56117400,0.07309183
6.59736654,1.56117400,0.02868740
6.61784654,1.56117400,0.02868740
6.63832654,1.56117400,0.02868740
6.65880654,1.51661700,0.02868740
6.67928654,1.56117400,0.02868740
6.69976654,1.56117400,0.02868740
6.72024654,1.56117400,0.02868740
6.74072654,1.56117400,0.02868740
6.76120654,1.56117400,0.02868740
6.78168654,1.56117400,0.02868740
6.80216654,1.56117400,0.07309183
6.82264654,1.56117400,0.02868740
6.84312654,1.56117400,0.02868740
6.86360654,1.56117400,0.02868740
6.88408654,1.56117400,0.02868740
6.90456654,1.56117400,0.02868740
6.92504654,1.56117400,0.02868740
6.94552654,1.56117400,0.02868740
6.96600654,1.56117400,0.07309183
6.98648654,1.56117400,0.02868740
7.00696654,1.56117400,0.02868740
7.02744654,1.56117400,0.02868740
7.04792654,1.56117400,0.02868740
7.06840654,1.56117400,0.02868740
7.08888654,1.56117400,0.07309183
7.10936654,1.56117400,0.02868740
7.12984654,1.56117400,0.02868740
7.15032654,1.56117400,0.02868740
7.17080654,1.56117400,0.02868740
7.19128654,1.56117400,0.02868740
7.21176653,1.56117400,0.02868740
7.23224653,1.56117400,0.02868740
7.25272653,1.56117400,0.02868740
7.27320653,1.56117400,0.02868740
7.29368653,1.56117400,0.02868740
7.31416653,1.56117400,0.02868740
7.33464653,1.56117400,0.02868740
7.35512653,1.56117400,0.02868740
7.37560653,1.56117400,0.02868740
7.39608653,1.56117400,0.02868740
7.41656653,1.56117400,0.02868740
7.43704653,1.56117400,0.02868740
7.45752653,1.56117400,0.02868740
7.47800653,1.56117400,0.07309183
7.49848653,1.56117400,0.02868740
7.51896653,1.56117400,0.07309183
7.53944653,1.56117400,0.02868740
7.55992653,1.56117400,0.02868740
7.58040653,1.56117400,0.07309183
7.60088653,1.56117400,0.07309183
7.62136653,1.56117400,0.07309183
7.64184653,1.24942800,0.02868740
7.66232653,1.24942800,0.02868740
7.68280653,1.20487100,0.02868740
7.70328653,1.20487100,0.02868740
7.72376653,1.20487100,0.07309183
7.74424653,1.20487100,0.07309183
7.76472653,1.20487100,0.02868740
7.78520653,1.20487100,0.02868740
7.80568653,1.20487100,0.02868740
7.82616653,1.20487100,0.02868740
7.84664653,1.20487100,0.07309183
7.86712653,1.20487100,0.07309183
7.88760653,1.20487100,0.07309183
7.90808653,1.20487100,0.02868740
7.92856653,1.24942800,0.02868740
7.94904653,1.20487100,0.02868740
7.96952653,1.24942800,0.02868740
7.99000653,1.20487100,0.02868740
8.01048653,1.20487100,0.02868740
8.03096653,1.20487100,0.07309183
8.05144653,1.24942800,0.02868740
8.07192653,1.20487100,0.02868740
8.09240653,1.20487100,0.07309183
8.11288653,1.20487100,0.02868740
8.13336653,1.20487100,0.02868740
8.15384653,1.20487100,0.02868740
8.17432653,1.20487100,0.02868740
8.19480653,1.20487100,0.02868740
8.21528653,1.20487100,0.02868740
8.23576653,1.20487100,0.07309183
8.25624653,1.20487100,0.02868740
8.27672653,1.20487100,0.02868740
8.29720653,1.20487100,0.07309183
8.31768653,1.20487100,0.02868740
8.33816653,1.20487100,0.02868740
8.35864653,1.24942800,0.02868740
8.37912653,1.20487100,0.02868740
8.39960653,1.20487100,0.02868740
8.42008653,1.20487100,0.07309183
8.44056653,1.20487100,0.02868740
8.46104653,1.24942800,0.02868740
8.48152653,1.20487100,0.02868740
8.50200653,1.20487100,0.02868740
8.52248653,1.20487100,0.02868740
8.54296653,1.20487100,0.02868740
8.56344653,1.20487100,0.02868740
8.58392653,1.24942800,0.02868740
8.60440653,1.20487100,0.02868740
8.62488653,1.20487100,0.07309183
8.64536653,1.20487100,0.02868740
8.66584653,1.20487100,0.02868740
8.68632653,1.20487100,0.07309183
8.70680653,1.24942800,0.02868740
8.72728653,1.20487100,0.07309183
8.74776653,1.20487100,0.02868740
8.76824653,1.20487100,0.02868740
8.78872653,1.24942800,0.02868740
8.80920653,1.20487100,0.02868740
8.82968653,1.20487100,0.02868740
8.85016653,1.20487100,0.02868740
8.87064652,1.24942800,0.02868740
8.89112652,1.20487100,0.02868740
8.91160652,1.20487100,0.02868740
8.93208652,1.20487100,0.07309183
8.95256652,1.20487100,0.02868740
8.97304652,1.20487100,0.07309183
8.99352652,1.20487100,0.02868740
9.01400652,1.20487100,0.07309183
9.03448652,1.20487100,0.02868740
9.05496652,1.20487100,0.02868740
9.07544652,1.24942800,0.02868740
9.09592652,1.20487100,0.07309183
9.11640652,1.24942800,0.02868740
9.13688652,1.20487100,0.07309183
9.15736652,1.20487100,0.02868740
9.17784652,1.20487100,0.07309183
9.19832652,1.20487100,0.02868740
9.21880652,1.20487100,0.02868740
9.23928652,1.20487100,0.07309183
9.25976652,1.20487100,0.02868740
9.28024652,1.24942800,0.02868740
9.30072652,1.20487100,0.02868740
9.32120652,1.20487100,0.02868740
9.34168652,1.20487100,0.02868740
9.36216652,1.20487100,0.02868740
9.38264652,1.20487100,0.07309183
9.40312652,1.20487100,0.02868740
9.42360652,1.20487100,0.02868740
9.44408652,1.20487100,0.07309183
9.46456652,1.24942800,0.02868740
9.48504652,1.20487100,0.02868740
9.50552652,1.20487100,0.02868740
9.52600652,1.20487100,0.02868740
9.54648652,1.20487100,0.02868740
9.56696652,1.20487100,0.02868740
9.58744652,1.20487100,0.02868740
9.60792652,1.20487100,0.07309183
9.62840652,1.24942800,0.02868740
9.64888652,1.24942800,0.02868740
9.66936652,1.20487100,0.07309183
9.68984652,1.20487100,0.02868740
9.71032652,1.20487100,0.02868740
9.73080652,1.20487100,0.07309183
9.75128652,1.20487100,0.07309183
9.77176652,1.20487100,0.02868740
9.79224652,1.20487100,0.02868740
9.81272652,1.20487100,0.07309183
9.83320652,1.24942800,0.02868740
9.85368652,1.20487100,0.02868740
9.87416652,1.20487100,0.07309183
9.89464652,1.20487100,0.02868740
9.91512652,1.20487100,0.02868740
9.93560652,1.20487100,0.07309183
9.95608652,1.20487100,0.02868740
9.97656652,1.20487100,0.07309183
9.99704652,1.24942800,0.02868740
10.01752652,1.24942800,0.02868740
10.03800652,1.20487100,0.07309183
10.05848652,1.20487100,0.02868740
10.07896652,1.20487100,0.07309183
10.09944652,1.24942800,0.02868740
10.11992652,1.20487100,0.02868740
10.14040652,1.20487100,0.07309183
10.16088652,1.20487100,0.02868740
10.18136652,1.24942800,0.07309183
10.20184652,1.20487100,0.02868740
10.22232652,1.20487100,0.02868740
10.24280652,1.20487100,0.07309183
10.26328652,1.20487100,0.02868740
10.28376652,1.20487100,0.07309183
10.30424652,1.20487100,0.02868740
10.32472652,1.20487100,0.02868740
10.34520652,1.20487100,0.02868740
10.36568652,1.20487100,0.02868740
10.38616652,1.20487100,0.02868740
10.40664652,1.20487100,0.07309183
10.42712652,1.20487100,0.02868740
10.44760652,1.20487100,0.02868740
10.46808652,1.24942800,0.07309183
10.48856652,1.20487100,0.07309183
10.50904651,1.20487100,0.02868740
10.52952651,1.20487100,0.02868740
10.55000651,1.20487100,0.07309183
10.57048651,1.20487100,0.07309183
10.59096651,1.20487100,0.02868740
10.61144651,1.20487100,0.02868740
10.63192651,1.20487100,0.07309183
10.65240651,1.20487100,0.02868740
10.67288651,1.20487100,0.02868740
10.69336651,1.20487100,0.07309183
10.71384651,1.20487100,0.07309183
10.73432651,1.20487100,0.02868740
10.75480651,1.20487100,0.02868740
10.77528651,1.20487100,0.02868740
10.79576651,1.20487100,0.02868740
10.81624651,1.20487100,0.02868740
10.83672651,1.20487100,0.02868740
10.85720651,1.20487100,0.07309183
10.87768651,1.20487100,0.02868740
10.89816651,1.20487100,0.07309183
10.91864651,1.20487100,0.02868740
10.93912651,1.20487100,0.02868740
10.95960651,1.20487100,0.02868740
10.98008651,1.20487100,0.02868740
11.00056651,1.24942800,0.02868740
11.02104651,1.24942800,0.02868740
11.04152651,1.20487100,0.02868740
11.06200651,1.20487100,0.07309183
11.08248651,1.20487100,0.07309183
11.10296651,1.20487100,0.02868740
11.12344651,1.20487100,0.07309183
11.14392651,1.20487100,0.02868740
11.16440651,1.20487100,0.02868740
11.18488651,1.20487100,0.02868740
11.20536651,1.20487100,0.02868740
11.22584651,1.20487100,0.02868740
11.24632651,1.20487100,0.07309183
11.26680651,1.20487100,0.07309183
11.28728651,1.20487100,0.02868740
11.30776651,1.20487100,0.07309183
11.32824651,1.20487100,0.07309183
11.34872651,1.20487100,0.02868740
11.36920651,1.20487100,0.02868740
11.38968651,1.20487100,0.02868740
11.41016651,1.20487100,0.07309183
11.43064651,1.20487100,0.07309183
11.45112651,1.20487100,0.02868740
11.47160651,1.24942800,0.02868740
11.49208651,1.20487100,0.02868740
11.51256651,1.20487100,0.02868740
11.53304651,1.20487100,0.07309183
11.55352651,1.20487100,0.02868740
11.57400651,1.24942800,0.02868740
11.59448651,1.20487100,0.02868740
11.61496651,1.20487100,0.02868740
11.63544651,1.20487100,0.07309183
11.65592651,1.20487100,0.02868740
11.67640651,1.20487100,0.02868740
11.69688651,1.20487100,0.02868740
11.71736651,1.20487100,0.02868740
11.73784651,1.20487100,0.02868740
11.75832651,1.24942800,0.02868740
11.77880651,1.20487100,0.02868740
11.79928651,1.20487100,0.07309183
11.81976651,1.20487100,0.02868740
11.84024651,1.20487100,0.02868740
11.86072651,1.20487100,0.02868740
11.88120651,1.20487100,0.02868740
11.90168651,1.20487100,0.02868740
11.92216651,1.20487100,0.02868740
11.94264651,1.20487100,0.07309183
11.96312651,1.20487100,0.02868740
11.98360651,1.20487100,0.02868740
12.00408651,1.20487100,0.02868740
12.02456651,1.20487100,0.02868740
12.04504651,1.20487100,0.02868740
12.06552651,1.20487100,0.07309183
12.08600651,1.20487100,0.02868740
12.10648651,1.20487100,0.07309183
12.12696651,1.24942800,0.02868740
12.14744650,1.24942800,0.02868740
12.16792650,1.20487100,0.02868740
12.18840650,1.20487100,0.07309183
12.20888650,1.20487100,0.07309183
12.22936650,1.24942800,0.02868740
12.24984650,1.20487100,0.07309183
12.27032650,1.20487100,0.02868740
12.29080650,1.20487100,0.07309183
12.31128650,1.20487100,0.07309183
12.33176650,1.20487100,0.02868740
12.35224650,1.24942800,0.02868740
12.37272650,1.20487100,0.02868740
12.39320650,1.20487100,0.07309183
12.41368650,1.20487100,0.02868740
12.43416650,1.20487100,0.02868740
12.45464650,1.20487100,0.07309183
12.47512650,1.20487100,0.02868740
12.49560650,1.20487100,0.02868740
12.51608650,1.20487100,0.07309183
12.53656650,1.20487100,0.02868740
12.55704650,1.20487100,0.02868740
12.57752650,1.20487100,0.07309183
12.59800650,1.20487100,0.02868740
12.61848650,1.20487100,0.02868740
12.63896650,1.20487100,0.02868740
12.65944650,1.20487100,0.02868740
12.67992650,1.20487100,0.02868740
12.70040650,1.20487100,0.02868740
12.72088650,1.20487100,0.02868740
12.74136650,1.20487100,0.07309183
12.76184650,1.20487100,0.02868740
12.78232650,1.20487100,0.02868740
12.80280650,1.20487100,0.07309183
12.82328650,1.24942800,0.02868740
12.84376650,1.20487100,0.07309183
12.86424650,1.20487100,0.02868740
12.88472650,1.20487100,0.02868740
12.90520650,1.20487100,0.02868740
12.92568650,1.20487100,0.02868740
12.94616650,1.20487100,0.07309183
12.96664650,1.20487100,0.07309183
12.98712650,1.20487100,0.02868740
13.00760650,1.20487100,0.02868740
13.02808650,1.20487100,0.07309183
13.04856650,1.20487100,0.02868740
13.06904650,1.20487100,0.02868740
13.08952650,1.20487100,0.02868740
13.11000650,1.20487100,0.02868740
13.13048650,1.20487100,0.07309183
13.15096650,1.20487100,0.07309183
13.17144650,1.20487100,0.02868740
13.19192650,1.20487100,0.07309183
13.21240650,1.20487100,0.02868740
13.23288650,1.20487100,0.02868740
13.25336650,1.20487100,0.02868740
13.27384650,1.20487100,0.02868740
13.29432650,1.20487100,0.02868740
13.31480650,1.20487100,0.02868740
13.33528650,1.20487100,0.02868740
13.35576650,1.20487100,0.02868740
13.37624650,1.20487100,0.02868740
13.39672650,1.20487100,0.02868740
13.41720650,1.20487100,0.02868740
13.43768650,1.20487100,0.02868740
13.45816650,1.20487100,0.02868740
13.47864650,1.20487100,0.07309183
13.49912650,1.24942800,0.02868740
13.51960650,1.20487100,0.02868740
13.54008650,1.20487100,0.02868740
13.56056650,1.20487100,0.07309183
13.58104650,1.24942800,0.02868740
13.60152650,1.20487100,0.02868740
13.62200650,1.20487100,0.02868740
13.64248650,1.20487100,0.07309183
13.66296650,1.20487100,0.02868740
13.68344650,1.24942800,0.02868740
13.70392650,1.20487100,0.07309183
13.72440650,1.20487100,0.02868740
13.74488650,1.24942800,0.02868740
13.76536650,1.20487100,0.02868740
13.78584650,1.20487100,0.02868740
13.80632649,1.24942800,0.02868740
13.82680649,1.24942800,0.07309183
13.84728649,1.20487100,0.07309183
13.86776649,1.20487100,0.02868740
13.88824649,1.20487100,0.02868740
13.90872649,1.24942800,0.02868740
13.92920649,1.20487100,0.02868740
13.94968649,1.20487100,0.02868740
13.97016649,1.20487100,0.02868740
13.99064649,1.20487100,0.02868740
14.01112649,1.20487100,0.02868740
14.03160649,1.20487100,0.02868740
14.05208649,1.20487100,0.02868740
14.07256649,1.20487100,0.02868740
14.09304649,1.20487100,0.02868740
14.11352649,1.20487100,0.02868740
14.13400649,1.24942800,0.02868740
14.15448649,1.20487100,0.07309183
14.17496649,1.24942800,0.02868740
14.19544649,1.20487100,0.02868740
14.21592649,1.20487100,0.02868740
14.23640649,1.20487100,0.02868740
14.25688649,1.24942800,0.02868740
14.27736649,1.20487100,0.02868740
14.29784649,1.24942800,0.02868740
14.31832649,1.20487100,0.02868740
14.33880649,1.24942800,0.02868740
14.35928649,1.20487100,0.07309183
14.37976649,1.20487100,0.02868740
14.40024649,1.20487100,0.02868740
14.42072649,1.20487100,0.02868740
14.44120649,1.20487100,0.02868740
14.46168649,1.20487100,0.02868740
14.48216649,1.24942800,0.02868740
14.50264649,1.24942800,0.02868740
14.52312649,1.20487100,0.02868740
14.54360649,1.20487100,0.02868740
14.56408649,1.20487100,0.02868740
14.58456649,1.20487100,0.02868740
14.60504649,1.20487100,0.02868740
14.62552649,1.20487100,0.02868740
14.64600649,1.20487100,0.02868740
14.66648649,1.20487100,0.07309183
14.68696649,1.20487100,0.02868740
14.70744649,1.24942800,0.02868740
14.72792649,1.20487100,0.02868740
14.74840649,1.20487100,0.02868740
14.76888649,1.20487100,0.02868740
14.78936649,1.24942800,0.02868740
14.80984649,1.24942800,0.02868740
14.83032649,1.20487100,0.02868740
14.85080649,1.20487100,0.07309183
14.87128649,1.20487100,0.02868740
14.89176649,1.20487100,0.02868740
14.91224649,1.20487100,0.02868740
14.93272649,1.20487100,0.07309183
14.95320649,1.20487100,0.07309183
14.97368649,1.20487100,0.02868740
14.99416649,1.20487100,0.02868740
15.01464649,1.20487100,0.02868740
15.03512649,1.20487100,0.07309183
15.05560649,1.20487100,0.02868740
15.07608649,1.24942800,0.02868740
15.09656649,1.20487100,0.07309183
15.11704649,1.20487100,0.07309183
15.13752649,1.20487100,0.02868740
15.15800649,1.20487100,0.07309183
15.17848649,1.20487100,0.02868740
15.19896649,1.20487100,0.02868740
15.21944649,1.20487100,0.07309183
15.23992649,1.20487100,0.02868740
15.26040649,1.20487100,0.07309183
15.28088649,1.24942800,0.07309183
15.30136649,1.20487100,0.02868740
15.32184649,1.24942800,0.02868740
15.34232649,1.20487100,0.07309183
15.36280649,1.20487100,0.02868740
15.38328649,1.20487100,0.02868740
15.40376649,1.24942800,0.02868740
15.42424649,1.20487100,0.07309183
15.44472648,1.20487100,0.02868740
15.46520648,1.20487100,0.02868740
15.48568648,1.24942800,0.02868740
15.50616648,1.20487100,0.02868740
15.52664648,1.20487100,0.07309183
15.54712648,1.20487100,0.02868740
15.56760648,1.20487100,0.07309183
15.58808648,1.20487100,0.02868740
15.60856648,1.24942800,0.02868740
15.62904648,1.20487100,0.02868740
15.64952648,1.20487100,0.02868740
15.67000648,1.20487100,0.02868740
15.69048648,1.20487100,0.02868740
15.71096648,1.20487100,0.02868740
15.73144648,1.20487100,0.02868740
15.75192648,1.20487100,0.07309183
15.77240648,1.20487100,0.02868740
15.79288648,1.24942800,0.07309183
15.81336648,1.20487100,0.02868740
15.83384648,1.24942800,0.02868740
15.85432648,1.20487100,0.02868740
15.87480648,1.20487100,0.02868740
15.89528648,1.20487100,0.02868740
15.91576648,1.20487100,0.02868740
15.93624648,1.20487100,0.02868740
15.95672648,1.20487100,0.07309183
15.97720648,1.20487100,0.02868740
15.99768648,1.20487100,0.02868740
16.01816648,1.20487100,0.02868740
16.03864648,1.24942800,0.07309183
16.05912648,1.20487100,0.02868740
16.07960648,1.20487100,0.02868740
16.10008648,1.20487100,0.07309183
16.12056648,1.20487100,0.02868740
16.14104648,1.20487100,0.07309183
16.16152648,1.20487100,0.02868740
16.18200648,1.20487100,0.07309183
16.20248648,1.20487100,0.02868740
16.22296648,1.20487100,0.02868740
16.24344648,1.20487100,0.02868740
16.26392648,1.24942800,0.07309183
16.28440648,1.20487100,0.02868740
16.30488648,1.20487100,0.07309183
16.32536648,1.20487100,0.02868740
16.34584648,1.20487100,0.07309183
16.36632648,1.20487100,0.07309183
16.38680648,1.20487100,0.07309183
16.40728648,1.20487100,0.02868740
16.42776648,1.24942800,0.02868740
16.44824648,1.20487100,0.02868740
16.46872648,1.20487100,0.07309183
16.48920648,1.20487100,0.02868740
16.50968648,1.20487100,0.07309183
16.53016648,1.20487100,0.02868740
16.55064648,1.20487100,0.02868740
16.57112648,1.20487100,0.02868740
16.59160648,1.24942800,0.02868740
16.61208648,1.20487100,0.07309183
16.63256648,1.20487100,0.02868740
16.65304648,1.20487100,0.02868740
16.67352648,1.20487100,0.02868740
16.69400648,1.20487100,0.07309183
16.71448648,1.20487100,0.02868740
16.73496648,1.20487100,0.02868740
16.75544648,1.24942800,0.02868740
16.77592648,1.20487100,0.02868740
16.79640648,1.20487100,0.02868740
16.81688648,1.20487100,0.02868740
16.83736648,1.20487100,0.02868740
16.85784648,1.20487100,0.02868740
16.87832648,1.20487100,0.07309183
16.89880648,1.24942800,0.02868740
16.91928648,1.20487100,0.02868740
16.93976648,1.20487100,0.02868740
16.96024648,1.20487100,0.02868740
16.98072648,1.20487100,0.02868740
17.00120648,1.20487100,0.02868740
17.02168648,1.24942800,0.02868740
17.04216648,1.20487100,0.07309183
17.06264648,1.24942800,0.02868740
17.08312647,1.20487100,0.02868740
17.10360647,1.24942800,0.02868740
17.12408647,1.20487100,0.02868740
17.14456647,1.20487100,0.02868740
17.16504647,1.24942800,0.02868740
17.18552647,1.20487100,0.02868740
17.20600647,1.20487100,0.02868740
17.22648647,1.20487100,0.02868740
17.24696647,1.24942800,0.02868740
17.26744647,1.20487100,0.02868740
17.28792647,1.20487100,0.02868740
17.30840647,1.20487100,0.02868740
17.32888647,1.20487100,0.02868740
17.34936647,1.20487100,0.07309183
17.36984647,1.20487100,0.02868740
17.39032647,1.20487100,0.02868740
17.41080647,1.20487100,0.02868740
17.43128647,1.20487100,0.02868740
17.45176647,1.20487100,0.07309183
17.47224647,1.20487100,0.07309183
17.49272647,1.20487100,0.02868740
17.51320647,1.20487100,0.02868740
17.53368647,1.20487100,0.02868740
17.55416647,1.20487100,0.02868740
17.57464647,1.24942800,0.02868740
17.59512647,1.20487100,0.02868740
17.61560647,1.20487100,0.07309183
17.63608647,1.24942800,0.07309183
17.65656647,1.20487100,0.02868740
17.67704647,1.20487100,0.02868740
17.69752647,1.24942800,0.02868740
17.71800647,1.20487100,0.02868740
17.73848647,1.20487100,0.02868740
17.75896647,1.20487100,0.02868740
17.77944647,1.20487100,0.02868740
17.79992647,1.20487100,0.02868740
17.82040647,1.20487100,0.02868740
17.84088647,1.20487100,0.02868740
17.86136647,1.24942800,0.02868740
17.88184647,1.20487100,0.02868740
17.90232647,1.20487100,0.02868740
17.92280647,1.20487100,0.02868740
17.94328647,1.20487100,0.02868740
17.96376647,1.24942800,0.02868740
17.98424647,1.20487100,0.02868740
18.00472647,1.20487100,0.02868740
18.02520647,1.20487100,0.07309183
18.04568647,1.20487100,0.02868740
18.06616647,1.20487100,0.02868740
18.08664647,1.20487100,0.02868740
18.10712647,1.20487100,0.02868740
18.12760647,1.20487100,0.02868740
18.14808647,1.24942800,0.02868740
18.16856647,1.20487100,0.02868740
18.18904647,1.24942800,0.02868740
18.20952647,1.20487100,0.07309183
18.23000647,1.20487100,0.02868740
18.25048647,1.20487100,0.02868740
18.27096647,1.20487100,0.07309183
18.29144647,1.20487100,0.02868740
18.31192647,1.20487100,0.02868740
18.33240647,1.20487100,0.07309183
18.35288647,1.20487100,0.07309183
18.37336647,1.20487100,0.02868740
18.39384647,1.20487100,0.02868740
18.41432647,1.20487100,0.02868740
18.43480647,1.20487100,0.07309183
18.45528647,1.20487100,0.02868740
18.47576647,1.20487100,0.02868740
18.49624647,1.20487100,0.02868740
18.51672647,1.20487100,0.02868740
18.53720647,1.20487100,0.02868740
18.55768647,1.20487100,0.02868740
18.57816647,1.20487100,0.02868740
18.59864647,1.20487100,0.02868740
18.61912647,1.20487100,0.02868740
18.63960647,1.20487100,0.02868740
18.66008647,1.20487100,0.02868740
18.68056647,1.24942800,0.02868740
18.70104647,1.20487100,0.02868740
18.72152647,1.24942800,0.02868740
18.74200646,1.20487100,0.02868740
18.76248646,1.20487100,0.02868740
18.78296646,1.20487100,0.02868740
18.80344646,1.20487100,0.02868740
18.82392646,1.20487100,0.02868740
18.84440646,1.20487100,0.02868740
18.86488646,1.20487100,0.07309183
18.88536646,1.20487100,0.02868740
18.90584646,1.24942800,0.07309183
18.92632646,1.20487100,0.02868740
18.94680646,1.24942800,0.02868740
18.96728646,1.20487100,0.07309183
18.98776646,1.20487100,0.02868740
19.00824646,1.20487100,0.07309183
19.02872646,1.20487100,0.02868740
19.04920646,1.20487100,0.02868740
19.06968646,1.20487100,0.07309183
19.09016646,1.20487100,0.02868740
19.11064646,1.20487100,0.02868740
19.13112646,1.20487100,0.02868740
19.15160646,1.20487100,0.02868740
19.17208646,1.20487100,0.02868740
19.19256646,1.24942800,0.02868740
19.21304646,1.20487100,0.02868740
19.23352646,1.20487100,0.02868740
19.25400646,1.24942800,0.02868740
19.27448646,1.24942800,0.07309183
19.29496646,1.20487100,0.07309183
19.31544646,1.20487100,0.07309183
19.33592646,1.20487100,0.02868740
19.35640646,1.20487100,0.02868740
19.37688646,1.20487100,0.07309183
19.39736646,1.20487100,0.02868740
19.41784646,1.20487100,0.02868740
19.43832646,1.20487100,0.02868740
19.45880646,1.20487100,0.02868740
19.47928646,1.20487100,0.07309183
19.49976646,1.20487100,0.02868740
19.52024646,1.20487100,0.02868740
19.54072646,1.20487100,0.02868740
19.56120646,1.20487100,0.07309183
19.58168646,1.20487100,0.02868740
19.60216646,1.20487100,0.02868740
19.62264646,1.20487100,0.07309183
19.64312646,1.20487100,0.02868740
19.66360646,1.20487100,0.07309183
19.68408646,1.24942800,0.02868740
19.70456646,1.20487100,0.07309183
19.72504646,1.20487100,0.07309183
19.74552646,1.20487100,0.02868740
19.76600646,1.20487100,0.02868740
19.78648646,1.20487100,0.07309183
19.80696646,1.20487100,0.02868740
19.82744646,1.20487100,0.02868740
19.84792646,1.20487100,0.02868740
19.86840646,1.20487100,0.02868740
19.88888646,1.20487100,0.02868740
19.90936646,1.20487100,0.02868740
19.92984646,1.20487100,0.02868740
19.95032646,1.20487100,0.02868740
19.97080646,1.24942800,0.07309183
19.99128646,1.20487100,0.02868740
20.01176646,1.20487100,0.02868740
20.03224646,1.20487100,0.02868740
20.05272646,1.20487100,0.02868740
20.07320646,1.20487100,0.07309183
20.09368646,1.20487100,0.07309183
20.11416646,1.20487100,0.02868740
20.13464646,1.20487100,0.02868740
20.15512646,1.20487100,0.07309183
20.17560646,1.20487100,0.02868740
20.19608646,1.20487100,0.02868740
20.21656646,1.20487100,0.02868740
20.23704646,1.20487100,0.02868740
20.25752646,1.20487100,0.02868740
20.27800646,1.20487100,0.02868740
20.29848646,1.20487100,0.02868740
20.31896646,1.20487100,0.02868740
20.33944646,1.24942800,0.02868740
20.35992646,1.24942800,0.07309183
20.38040645,1.24942800,0.02868740
20.40088645,1.20487100,0.02868740
20.42136645,1.20487100,0.02868740
20.44184645,1.20487100,0.02868740
20.46232645,1.20487100,0.02868740
20.48280645,1.24942800,0.02868740
20.50328645,1.20487100,0.07309183
20.52376645,1.20487100,0.02868740
20.54424645,1.20487100,0.02868740
20.56472645,1.20487100,0.02868740
20.58520645,1.24942800,0.02868740
20.60568645,1.20487100,0.02868740
20.62616645,1.20487100,0.02868740
20.64664645,1.20487100,0.02868740
20.66712645,1.20487100,0.02868740
20.68760645,1.24942800,0.02868740
20.70808645,1.20487100,0.02868740
20.72856645,1.24942800,0.02868740
20.74904645,1.20487100,0.02868740
20.76952645,1.20487100,0.02868740
20.79000645,1.20487100,0.07309183
20.81048645,1.20487100,0.02868740
20.83096645,1.20487100,0.02868740
20.85144645,1.20487100,0.07309183
20.87192645,1.24942800,0.02868740
20.89240645,1.24942800,0.07309183
20.91288645,1.20487100,0.07309183
20.93336645,1.20487100,0.02868740
20.95384645,1.20487100,0.02868740
20.97432645,1.20487100,0.02868740
20.99480645,1.20487100,0.02868740
21.01528645,1.20487100,0.02868740
21.03576645,1.20487100,0.02868740
21.05624645,1.20487100,0.07309183
21.07672645,1.20487100,0.02868740
21.09720645,1.20487100,0.02868740
21.11768645,1.20487100,0.02868740
21.13816645,1.20487100,0.02868740
21.15864645,1.20487100,0.02868740
21.17912645,1.20487100,0.02868740
21.19960645,1.20487100,0.02868740
21.22008645,1.20487100,0.07309183
21.24056645,1.20487100,0.02868740
21.26104645,1.20487100,0.02868740
21.28152645,1.24942800,0.02868740
21.30200645,1.20487100,0.02868740
21.32248645,1.20487100,0.02868740
21.34296645,1.20487100,0.02868740
21.36344645,1.20487100,0.02868740
21.38392645,1.20487100,0.07309183
21.40440645,1.20487100,0.02868740
21.42488645,1.24942800,0.02868740
21.44536645,1.20487100,0.07309183
21.46584645,1.20487100,0.02868740
21.48632645,1.20487100,0.02868740
21.50680645,1.20487100,0.02868740
21.52728645,1.20487100,0.02868740
21.54776645,1.20487100,0.02868740
21.56824645,1.20487100,0.02868740
21.58872645,1.20487100,0.02868740
21.60920645,1.20487100,0.07309183
21.62968645,1.20487100,0.02868740
21.65016645,1.20487100,0.02868740
21.67064645,1.20487100,0.02868740
21.69112645,1.20487100,0.02868740
21.71160645,1.20487100,0.02868740
21.73208645,1.20487100,0.02868740
21.75256645,1.24942800,0.02868740
21.77304645,1.20487100,0.02868740
21.79352645,1.20487100,0.02868740
21.81400645,1.20487100,0.02868740
21.83448645,0.53666800,0.02868740
21.85496645,0.53666800,0.02868740
21.87544645,0.53666800,0.02868740
21.89592645,0.53666800,0.02868740
21.91640645,0.53666800,0.02868740
21.93688645,0.53666800,0.07309183
21.95736645,0.53666800,0.02868740
21.97784645,0.53666800,0.02868740
21.99832645,0.53666800,0.02868740
22.01880644,0.53666800,0.02868740
22.03928644,0.53666800,0.02868740
22.05976644,0.53666800,0.02868740
22.08024644,0.53666800,0.02868740
22.10072644,0.53666800,0.07309183
22.12120644,0.53666800,0.02868740
22.14168644,0.53666800,0.02868740
22.16216644,0.53666800,0.07309183
22.18264644,0.53666800,0.07309183
22.20312644,0.53666800,0.02868740
22.22360644,0.53666800,0.02868740
22.24408644,0.53666800,0.02868740
22.26456644,0.53666800,0.02868740
22.28504644,0.53666800,0.02868740
22.30552644,0.53666800,0.02868740
22.32600644,0.53666800,0.02868740
22.34648644,0.53666800,0.07309183
22.36696644,0.53666800,0.02868740
22.38744644,0.53666800,0.07309183
22.40792644,0.53666800,0.02868740
22.42840644,0.53666800,0.02868740
22.44888644,0.53666800,0.02868740
22.46936644,0.53666800,0.07309183
22.48984644,0.53666800,0.02868740
22.51032644,0.53666800,0.02868740
22.53080644,0.53666800,0.02868740
22.55128644,0.53666800,0.02868740
22.57176644,0.53666800,0.02868740
22.59224644,0.53666800,0.02868740
22.61272644,0.53666800,0.02868740
22.63320644,0.53666800,0.02868740
22.65368644,0.53666800,0.02868740
22.67416644,0.53666800,0.02868740
22.69464644,0.53666800,0.02868740
22.71512644,0.53666800,0.07309183
22.73560644,0.53666800,0.02868740
22.75608644,0.53666800,0.07309183
22.77656644,0.53666800,0.07309183
22.79704644,0.53666800,0.02868740
22.81752644,0.53666800,0.02868740
22.83800644,0.53666800,0.02868740
22.85848644,0.53666800,0.02868740
22.87896644,0.53666800,0.02868740
22.89944644,0.53666800,0.07309183
22.91992644,0.53666800,0.02868740
22.94040644,0.53666800,0.02868740
22.96088644,0.53666800,0.02868740
22.98136644,0.53666800,0.02868740
23.00184644,0.53666800,0.02868740
23.02232644,0.53666800,0.07309183
23.04280644,0.53666800,0.02868740
23.06328644,0.53666800,0.02868740
23.08376644,0.53666800,0.02868740
23.10424644,0.53666800,0.02868740
23.12472644,0.53666800,0.02868740
23.14520644,0.53666800,0.02868740
23.16568644,0.53666800,0.02868740
23.18616644,0.53666800,0.02868740
23.20664644,0.53666800,0.07309183
23.22712644,0.53666800,0.02868740
23.24760644,0.53666800,0.02868740
23.26808644,0.53666800,0.02868740
23.28856644,0.53666800,0.02868740
23.30904644,0.53666800,0.07309183
23.32952644,0.53666800,0.02868740
23.35000644,0.53666800,0.07309183
23.37048644,0.53666800,0.02868740
23.39096644,0.53666800,0.07309183
23.41144644,0.53666800,0.02868740
23.43192644,0.53666800,0.02868740
23.45240644,0.53666800,0.07309183
23.47288644,0.53666800,0.02868740
23.49336644,0.53666800,0.02868740
23.51384644,0.53666800,0.07309183
23.53432644,0.53666800,0.02868740
23.55480644,0.53666800,0.02868740
23.57528644,0.53666800,0.02868740
23.59576644,0.53666800,0.07309183
23.61624644,0.53666800,0.07309183
23.63672644,0.53666800,0.02868740
23.65720644,0.53666800,0.02868740
23.67768643,0.53666800,0.02868740
23.69816643,0.53666800,0.02868740
23.71864643,0.53666800,0.02868740
23.73912643,0.53666800,0.02868740
23.75960643,0.53666800,0.02868740
23.78008643,0.53666800,0.07309183
23.80056643,0.53666800,0.02868740
23.82104643,0.53666800,0.02868740
23.84152643,0.53666800,0.02868740
23.86200643,0.53666800,0.02868740
23.88248643,0.53666800,0.07309183
23.90296643,0.53666800,0.02868740
23.92344643,2.67494700,0.02868740
23.94392643,2.67494700,3.30820600
23.96440643,2.67494700,3.35245800
23.98488643,2.71950400,3.30820600
24.00536643,2.67494700,3.35245800
24.02584643,2.67494700,3.30820600
24.04632643,2.67494700,3.30820600
24.06680643,2.71950400,3.35245800
24.08728643,2.67494700,3.35245800
24.10776643,2.67494700,3.35245800
24.12824643,2.67494700,3.35245800
24.14872643,2.67494700,3.35245800
24.16920643,2.71950400,3.35245800
24.18968643,2.67494700,3.35245800
24.21016643,2.67494700,3.35245800
24.23064643,2.71950400,3.30820600
24.25112643,2.71950400,3.35245800
24.27160643,2.67494700,3.35245800
24.29208643,2.71950400,3.35245800
24.31256643,2.67494700,3.30820600
24.33304643,2.67494700,3.35245800
24.35352643,2.71950400,3.35245800
24.37400643,2.71950400,3.35245800
24.39448643,2.67494700,3.35245800
24.41496643,2.67494700,3.35245800
24.43544643,2.67494700,3.35245800
24.45592643,2.71950400,3.35245800
24.47640643,2.71950400,3.35245800
24.49688643,2.67494700,3.35245800
24.51736643,2.67494700,3.35245800
24.53784643,2.67494700,3.35245800
24.55832643,2.67494700,3.35245800
24.57880643,2.71950400,3.35245800
24.59928643,2.67494700,3.35245800
24.61976643,2.67494700,3.35245800
24.64024643,2.67494700,3.30820600
24.66072643,2.67494700,3.35245800
24.68120643,2.67494700,3.30820600
24.70168643,2.71950400,3.30820600
24.72216643,2.67494700,3.30820600
24.74264643,2.67494700,3.30820600
24.76312643,2.67494700,3.30820600
24.78360643,2.67494700,3.35245800
24.80408643,2.71950400,3.35245800
24.82456643,2.67494700,3.35245800
24.84504643,2.71950400,3.35245800
24.86552643,2.67494700,3.30820600
24.88600643,2.67494700,3.35245800
24.90648643,2.67494700,3.30820600
24.92696643,2.71950400,3.35245800
24.94744643,2.67494700,3.30820600
24.96792643,2.67494700,3.30820600
24.98840643,2.67494700,3.35245800
25.00888643,2.67494700,3.35245800
25.02936643,2.71950400,3.35245800
25.04984643,2.67494700,3.35245800
25.07032643,2.67494700,3.35245800
25.09080643,2.67494700,3.35245800
25.11128643,2.67494700,3.30820600
25.13176643,2.67494700,3.35245800
25.15224643,2.67494700,3.35245800
25.17272643,2.71950400,3.35245800
25.19320643,2.67494700,3.35245800
25.21368643,2.67494700,3.35245800
25.23416643,2.67494700,3.35245800
25.25464643,2.71950400,3.35245800
25.27512643,2.67494700,3.35245800
25.29560643,2.67494700,3.30820600
25.31608642,2.67494700,3.35245800
25.33656642,2.67494700,3.30820600
25.35704642,2.67494700,3.30820600
25.37752642,2.67494700,3.35245800
25.39800642,2.67494700,3.35245800
25.41848642,2.67494700,3.30820600
25.43896642,2.71950400,3.35245800
25.45944642,2.71950400,3.35245800
25.47992642,2.67494700,3.30820600
25.50040642,2.71950400,3.30820600
25.52088642,2.71950400,3.35245800
25.54136642,2.67494700,3.30820600
25.56184642,2.67494700,3.35245800
25.58232642,2.67494700,3.35245800
25.60280642,2.67494700,3.35245800
25.62328642,2.67494700,3.30820600
25.64376642,2.67494700,3.30820600
25.66424642,2.67494700,3.30820600
25.68472642,2.67494700,3.30820600
25.70520642,2.67494700,3.35245800
25.72568642,2.67494700,3.35245800
25.74616642,2.67494700,3.35245800
25.76664642,2.67494700,3.30820600
25.78712642,2.67494700,3.35245800
25.80760642,2.67494700,3.30820600
25.82808642,2.67494700,3.35245800
25.84856642,2.71950400,3.35245800
25.86904642,2.67494700,3.35245800
25.88952642,2.67494700,3.35245800
25.91000642,2.67494700,3.35245800
25.93048642,2.67494700,3.35245800
25.95096642,2.67494700,3.30820600
25.97144642,2.67494700,3.35245800
25.99192642,2.67494700,3.35245800
26.01240642,0.53666800,0.02868740
26.03288642,0.53666800,0.07309183
26.05336642,0.53666800,0.02868740
26.07384642,0.53666800,0.07309183
26.09432642,0.53666800,0.02868740
26.11480642,0.53666800,0.02868740
26.13528642,0.53666800,0.07309183
26.15576642,0.53666800,0.07309183
26.17624642,0.53666800,0.02868740
26.19672642,0.53666800,0.02868740
26.21720642,0.53666800,0.02868740
26.23768642,0.53666800,0.02868740
26.25816642,0.53666800,0.02868740
26.27864642,0.53666800,0.02868740
26.29912642,0.53666800,0.02868740
26.31960642,0.53666800,0.02868740
26.34008642,0.53666800,0.07309183
26.36056642,0.53666800,0.02868740
26.38104642,0.53666800,0.02868740
26.40152642,0.53666800,0.02868740
26.42200642,0.53666800,0.02868740
26.44248642,0.53666800,0.07309183
26.46296642,0.53666800,0.02868740
26.48344642,0.53666800,0.02868740
26.50392642,0.53666800,0.02868740
26.52440642,0.53666800,0.02868740
26.54488642,0.53666800,0.02868740
26.56536642,0.53666800,0.02868740
26.58584642,0.53666800,0.07309183
26.60632642,0.53666800,0.02868740
26.62680642,0.53666800,0.02868740
26.64728642,0.53666800,0.02868740
26.66776642,0.53666800,0.02868740
26.68824642,0.53666800,0.02868740
26.70872642,0.53666800,0.02868740
26.72920642,0.53666800,0.02868740
26.74968642,0.53666800,0.02868740
26.77016642,0.53666800,0.02868740
26.79064642,0.53666800,0.02868740
26.81112642,0.53666800,0.07309183
26.83160642,0.53666800,0.02868740
26.85208642,0.53666800,0.02868740
26.87256642,0.53666800,0.07309183
26.89304642,0.53666800,0.02868740
26.91352642,0.53666800,0.02868740
26.93400642,0.53666800,0.02868740
26.95448641,0.53666800,0.02868740
26.97496641,0.53666800,0.02868740
26.99544641,0.53666800,0.02868740
27.01592641,0.53666800,0.02868740
27.03640641,0.53666800,0.02868740
27.05688641,0.53666800,0.02868740
27.07736641,0.53666800,0.02868740
27.09784641,0.53666800,0.02868740
27.11832641,0.53666800,0.07309183
27.13880641,0.53666800,0.07309183
27.15928641,0.53666800,0.02868740
27.17976641,0.53666800,0.02868740
27.20024641,0.53666800,0.02868740
27.22072641,0.53666800,0.02868740
27.24120641,0.53666800,0.02868740
27.26168641,0.53666800,0.02868740
27.28216641,0.53666800,0.02868740
27.30264641,0.53666800,0.02868740
27.32312641,0.53666800,0.02868740
27.34360641,0.53666800,0.02868740
27.36408641,0.53666800,0.02868740
27.38456641,0.53666800,0.02868740
27.40504641,0.53666800,0.07309183
27.42552641,0.53666800,0.02868740
27.44600641,0.53666800,0.02868740
27.46648641,0.53666800,0.02868740
27.48696641,0.53666800,0.07309183
27.50744641,0.53666800,0.07309183
27.52792641,0.53666800,0.02868740
27.54840641,0.53666800,0.02868740
27.56888641,0.53666800,0.02868740
27.58936641,0.53666800,0.02868740
27.60984641,0.53666800,0.02868740
27.63032641,0.53666800,0.07309183
27.65080641,0.53666800,0.07309183
27.67128641,0.53666800,0.02868740
27.69176641,0.53666800,0.02868740
27.71224641,0.53666800,0.07309183
27.73272641,0.53666800,0.02868740
27.75320641,0.53666800,0.02868740
27.77368641,0.53666800,0.02868740
27.79416641,0.53666800,0.02868740
27.81464641,0.53666800,0.02868740
27.83512641,0.53666800,0.07309183
27.85560641,0.53666800,0.02868740
27.87608641,0.53666800,0.02868740
27.89656641,0.53666800,0.02868740
27.91704641,0.53666800,0.07309183
27.93752641,0.53666800,0.02868740
27.95800641,0.53666800,0.02868740
27.97848641,0.53666800,0.02868740
27.99896641,0.53666800,0.02868740
28.01944641,0.53666800,0.07309183
28.03992641,0.53666800,0.02868740
28.06040641,0.53666800,0.02868740
28.08088641,0.53666800,0.02868740
28.10136641,0.53666800,0.07309183
28.12184641,0.53666800,0.02868740
28.14232641,0.53666800,0.02868740
28.16280641,0.53666800,0.02868740
28.18328641,0.53666800,0.07309183
28.20376641,0.53666800,0.02868740
28.22424641,0.53666800,0.02868740
28.24472641,0.53666800,0.07309183
28.26520641,0.53666800,0.02868740
28.28568641,0.53666800,0.02868740
28.30616641,0.53666800,0.07309183
28.32664641,0.53666800,0.02868740
28.34712641,0.53666800,0.07309183
28.36760641,0.53666800,0.02868740
28.38808641,0.53666800,0.02868740
28.40856641,0.53666800,0.02868740
28.42904641,0.53666800,0.02868740
28.44952641,0.53666800,0.07309183
28.47000641,0.53666800,0.02868740
28.49048641,0.53666800,0.02868740
28.51096641,0.53666800,0.07309183
28.53144641,0.53666800,0.02868740
28.55192641,0.53666800,0.02868740
28.57240641,0.53666800,0.07309183
28.59288641,0.53666800,0.02868740
28.61336640,0.53666800,0.07309183
28.63384640,0.53666800,0.02868740
28.65432640,0.53666800,0.02868740
28.67480640,0.53666800,0.02868740
28.69528640,0.53666800,0.02868740
28.71576640,0.53666800,0.02868740
28.73624640,0.53666800,0.07309183
28.75672640,0.53666800,0.07309183
28.77720640,0.53666800,0.02868740
28.79768640,0.53666800,0.07309183
28.81816640,0.53666800,0.07309183
28.83864640,0.53666800,0.02868740
28.85912640,0.53666800,0.07309183
28.87960640,0.53666800,0.02868740
28.90008640,0.53666800,0.02868740
28.92056640,0.53666800,0.02868740
28.94104640,0.53666800,0.02868740
28.96152640,0.53666800,0.02868740
28.98200640,0.53666800,0.02868740
29.00248640,0.53666800,0.02868740
29.02296640,0.53666800,0.02868740
29.04344640,0.53666800,0.02868740
29.06392640,0.53666800,0.02868740
29.08440640,0.53666800,0.07309183
29.10488640,0.53666800,0.02868740
29.12536640,0.53666800,0.02868740
29.14584640,0.53666800,0.07309183
29.16632640,0.53666800,0.02868740
29.18680640,0.53666800,0.02868740
29.20728640,0.53666800,0.02868740
29.22776640,0.53666800,0.02868740
29.24824640,0.53666800,0.02868740
29.26872640,0.53666800,0.02868740
29.28920640,0.53666800,0.02868740
29.30968640,0.53666800,0.02868740
29.33016640,0.53666800,0.07309183
29.35064640,0.53666800,0.02868740
29.37112640,0.53666800,0.02868740
29.39160640,0.53666800,0.02868740
29.41208640,0.53666800,0.02868740
29.43256640,0.53666800,0.02868740
29.45304640,0.53666800,0.02868740
29.47352640,0.53666800,0.02868740
29.49400640,0.53666800,0.02868740
29.51448640,0.53666800,0.02868740
29.53496640,0.53666800,0.02868740
29.55544640,0.53666800,0.02868740
29.57592640,0.53666800,0.02868740
29.59640640,0.53666800,0.07309183
29.61688640,0.53666800,0.02868740
29.63736640,0.53666800,0.02868740
29.65784640,0.53666800,0.02868740
29.67832640,0.53666800,0.02868740
29.69880640,0.53666800,0.02868740
29.71928640,1.51661700,0.07309183
29.73976640,1.51661700,0.02868740
29.76024640,1.56117400,0.02868740
29.78072640,1.56117400,0.02868740
29.80120640,1.56117400,0.02868740
29.82168640,1.56117400,0.02868740
29.84216640,1.56117400,0.02868740
29.86264640,1.56117400,0.02868740
29.88312640,1.56117400,0.02868740
29.90360640,1.56117400,0.07309183
29.92408640,1.56117400,0.02868740
29.94456640,1.56117400,0.02868740
29.96504640,1.56117400,0.02868740
29.98552640,1.56117400,0.02868740
30.00600640,1.56117400,0.02868740
